id,church_id,title,artist,status,created_at,lyrics,chords,holyrics_id
"90f6c73d-6a1b-47b0-8306-d6c3ae35d660","ae125cfd-96ef-4324-b1f0-f96a4f34eecf","Maravilhado","Nívea Soares","ativo","2026-08-17T16:53:52.680314+00:00","Tu reinas
No trono dos céus

A criação se prostra
Aos teus pés

Tu reinas
Vestido de glória

Os anjos Te adoram
Aos Teus pés

Pra sempre governarás
Teu reino não passará

Oh, Santo Deus
Fico maravilhado

Tu és muito mais
Do que eu possa expressar

Oh, Santo Deus
Quebro o vaso de alabastro

Sobre o Deus
Que sabe me maravilhar

Tu és
Totalmente amável

Tesouro desejável
Que eu procuro

Tu és
Um fogo apaixonado

Eu sou do meu amado
E Tu és meu

Pra sempre governarás
Teu reino não passará

Oh, Santo Deus
Fico maravilhado

Tu és muito mais
Do que eu possa expressar

Oh, Santo Deus
Quebro o vaso de alabastro

Sobre o Deus
Que sabe me maravilhar

Oh, Santo Deus
Fico maravilhado

Tu és muito mais
Do que eu possa expressar

Oh, Santo Deus
Quebro o vaso de alabastro

Sobre o Deus
Que sabe me maravilhar

Derramo o meu
Louvor sobre Ti

Derramo o meu
Amor sobre Ti

Derramo o meu
Louvor sobre Ti

Derramo o meu
Amor sobre Ti

Derramo o meu
Louvor sobre Ti

Derramo o meu
Amor sobre Ti

Derramo o meu
Louvor sobre Ti

Derramo o meu
Amor

Oh, Santo Deus
Fico maravilhado

Tu és muito mais
Do que eu possa expressar

Oh, Santo Deus
Quebro o vaso de alabastro

Sobre o Deus 
Que sabe me maravilhar

Oh, Santo Deus
Fico maravilhado

Tu és muito mais
Do que eu possa expressar

Oh, Santo Deus
Quebro o vaso de alabastro

Sobre o Deus
Que sabe me maravilhar

E não há outro 
Como Tu

E não há outro 
Como Tu

E não há outro como Tu
Jesus

E não há outro 
Como Tu

E não há outro 
Como Tu

E não há outro como Tu
Jesus

E não há outro 
Como Tu

E não há outro 
Como Tu

E não há outro como Tu
Jesus

E não há outro 
Como Tu

E não há outro 
Como Tu

E não há outro como Tu
Jesus

E não há outro 
Como Tu

E não há outro 
Como Tu

E não há outro como Tu
Jesus

Oh, Santo Deus
Fico maravilhado

Tu és muito mais
Do que eu possa expressar

Oh, Santo Deus
Quebro o vaso de alabastro

Sobre o Deus
Que sabe me maravilhar

Oh, Santo Deus
Fico maravilhado

Tu és muito mais
Do que eu possa expressar

Oh, Santo Deus
Quebro o vaso de alabastro

Sobre o Deus
Que sabe me maravilhar","","1647805982843"
"525f09b9-8d71-48ce-81a8-6b20aa9d3eb8","ae125cfd-96ef-4324-b1f0-f96a4f34eecf","Não Mais Escravos","Nívea Soares","ativo","2026-08-17T16:53:53.387554+00:00","Com uma melodia
Ele me encontrou

Me cercou com uma canção

Que me libertou
Dos meus inimigos

Dos meus medos me salvou

Eu não sou mais
Escravo do medo

Sou filho de Deus

Antes de nascer
Escolhido fui

Por meu nome
Me chamou

De novo nasci
Em Sua família

O Seu sangue me comprou

Eu não sou mais
Escravo do medo

Sou filho de Deus

Abriu o mar
Pra eu passar por ele

Perfeito amor
Que me alcançou

Me resgatou
E agora posso cantar

Eu sou filho de Deus

Eu sou filho de Deus","","1772998248666"
"674fbee4-1795-48f8-b300-13b908600e92","ae125cfd-96ef-4324-b1f0-f96a4f34eecf","Deus De Promessas","Toque no Altar","ativo","2026-08-17T16:53:49.150407+00:00","Sei que os teus olhos
Sempre atentos

Permanecem em mim

E os teus ouvidos
Estão sensíveis

Para ouvir meu clamor

Posso até chorar

Mas a alegria vem de manhã

És Deus de perto
E não de longe

Nunca mudastes
Tu és fiel

Deus de aliança
Deus de promessas

Deus que não é homem
Pra mentir

Tudo pode passar
Tudo pode mudar

Mas Tua palavra vai
Se cumprir

Posso enfrentar o que for
Eu sei quem luta por mim

Seus planos
Não podem ser frustrados

Minha esperança está
Nas mãos do Grande Eu Sou

Meus olhos vão ver
O impossível acontecer","","1783886079976"
"b859dbe2-c46f-4b13-bc03-10adad9fd445","ae125cfd-96ef-4324-b1f0-f96a4f34eecf","Pra Onde Eu Irei?","Morada","ativo","2026-08-17T16:53:54.656098+00:00","Ele abriu mão 
De Sua glória

Sangrou no 
Madeiro por mim

Me conectou
Salvou e curou

Ele me deu 
Um destino

Uma capa e um 
Pouco de vinho

Ele me deu unção
Cajado e pão

Pôs um anel em 
Meu dedo e me 
Tirou o medo

Novas sandálias 
Pra suportar o ide

Pôs um anel em 
Meu dedo e me 
Tirou o medo

Novas sandálias 
E disse vai

E eu me despedi 
Dos meus pais

Eu queimei 
Minhas carroças

E eu afundei meus 
Barcos no cais

E eu me despedi 
Dos meus pais

Eu queimei 
Minhas carroças

E eu afundei meus 
Barcos no cais

Ele abriu mão 
De Sua glória

Sangrou no 
Madeiro por mim

Me conectou
Salvou e curou

Ele me deu 
Um destino

Uma capa e um 
Pouco de vinho

Ele me deu unção
Cajado e pão

Pôs um anel em 
Meu dedo e me 
Tirou o medo

Novas sandálias 
Pra suportar o ide

Pôs um anel em 
Meu dedo e me 
Tirou o medo

Novas sandálias 
E disse vai

E eu me despedi 
Dos meus pais

Eu queimei 
Minhas carroças

E eu afundei meus 
Barcos no cais

E eu, e eu me 
Despedi dos 
Meus pais

Eu queimei 
Minhas carroças

E eu afundei meus 
Barcos no cais

Pra onde 
Eu irei

Se eu não tenho 
Pra onde voltar

Só tenho 
Você Deus

Palavra de 
Vida eterna

Pra onde 
Eu irei

Se eu não tenho 
Pra onde voltar

Só tenho 
Você Deus

Palavra de 
Vida eterna

Pra onde 
Eu irei

Se eu não tenho 
Pra onde voltar

Só tenho 
Você Deus

Palavra de 
Vida eterna

Para onde 
Eu irei

Se eu não tem 
Para onde voltar

Só tenho 
Você Deus

Palavra de 
Vida eterna

Para onde 
Eu irei

Se eu não tenho 
Pra onde voltar

Só tenho 
Você Deus

Palavra de 
Vida eterna

Para onde 
Eu irei

Se eu não tenho 
Pra onde voltar

Só tenho 
Você Deus

Palavra de 
Vida eterna

Para onde 
Eu irei

Se eu não tenho 
Pra onde voltar

Só tenho 
Você Deus

Palavra de 
Vida eterna

Para onde 
Eu irei

Se eu não tenho 
Pra onde voltar

Só tenho 
Você Deus

Palavra de 
Vida eterna

Sou, sou
Totalmente Teu

Fui encontrado 
Pelo Teu amor

Pelo Teu amor

Sou, sou 
Totalmente Teu

Fui contemplado 
Em ser um com 
Você

Ser um 
Com Você

Ser um com Você
Ser um com Você

Eu sou
Sou totalmente Teu

Fui encontrado 
Pelo Teu amor

Pelo Teu amor

Sou
Sou totalmente Teu

Fui contemplado 
Em ser um com 
Você

Ser um com Você
Ser um com Você

Ser um com Você
Um, com Você

Somos um 
Com você

Um, com Você","","1636829765626"
"071cb9cb-80e8-4d2d-b41a-83a5bfe81060","ae125cfd-96ef-4324-b1f0-f96a4f34eecf","Novo Dia, Novo Tempo","Renascer Praise","ativo","2026-08-17T16:53:53.63646+00:00","Quando um novo dia 
começa Ninguém vê

Mas à meia-noite
Tudo já mudou

No tempo de Deus
Vai aparecer

O que Ele já mostrou
Ao que crê

 

Nem tudo o que acontece
Dá pra entender

Andando pela fé
A gente vai vencer

O que quero mais
É me encher do Teu poder

Jesus, se estás comigo
A quem eu temerei?

Novo dia, novo tempo
A fé faz aparecer

O impossível, o inatingível
De repente vai acontecer","","1780069359768"
"24bedb8b-c7bf-4a10-bcb9-3860f0a1fd4f","ae125cfd-96ef-4324-b1f0-f96a4f34eecf","Te Louvarei","Trazendo a Arca","ativo","2026-08-17T16:53:56.172782+00:00","Perto quero estar

Junto aos 
Teus pés

Pois prazer 
Maior não há

Que me render 
E Te adorar

Tudo que 
Há em mim

Quero Te ofertar

Mas ainda é 
Pouco eu sei

 Se comparado 
Ao que ganhei

Não sou 
Apenas servo

Teu amigo 
Me tornei

Te louvarei

Não importam
As circunstâncias

Adorarei

Somente a Ti
Jesus

Somente a Ti
Jesus","","1592434790123"
"698ff5bb-5abd-43c5-b68e-f372b2b78cba","ae125cfd-96ef-4324-b1f0-f96a4f34eecf","Tributo a Iehovah","Comunhão e Adoração","ativo","2026-08-17T16:53:56.399293+00:00","Eu sou grato

Por tudo 
Que tenho

O tesouro maior
Desse mundo

Me foi dado
Como herança 
Eterna

Maior prova de 
Um amor

Tão profundo

Tenho vida
Alegria todo tempo

Tenho amigos 
E família

Muitos irmãos

Foi Jesus 
Meu amigo
Verdadeiro

Que fez tudo 
Ao me dar
A salvação

Louvarei 
Ao Senhor
Em todo tempo

Seu louvor
Estará 
Continuamente

Em meus lábios
E também 
No coração

Jesus Cristo 
Será sempre

 Nossa canção

Ye, ye, yehovah
Ye, ye, yehovah

Jesus Cristo
Jesus Cristo

Jesus Cristo
Será sempre 
Nossa canção","","1598480777042"
"4b15d711-ae7e-4b1f-bf96-6042ccd155c1","ae125cfd-96ef-4324-b1f0-f96a4f34eecf","Era Eu","Casa Worship","ativo","2026-08-17T16:53:50.140562+00:00","Nasci, errei

A bagagem do passado
Eu carreguei

Me vi e percebi

Que estou preso
Por erros que cometi

Era eu
Condenado, era eu

Era eu
Condenado, era eu

Ele foi julgado
Em meu lugar

Hoje eu tenho vida

Escandaloso amor
Me encontrou

Hoje eu tenho vida

Escandaloso amor
Me encontrou

Hoje eu tenho vida

Era eu
Condenado, era eu","","1780254001504"
"6eb7f303-6a40-444f-bf7e-c83eed1516b9","ae125cfd-96ef-4324-b1f0-f96a4f34eecf","Canção de Simeão","Drops ","ativo","2026-08-17T16:53:48.504664+00:00","Os meus olhos 
Viram a salvação

A luz para o mundo

Esperança da terra

E eu não 
Sou mais meu

E eu não 
Sou mais meu

Cristo, Tu és a 
Minha porção

O trigo esmagado
Vinho novo e o pão

E eu não 
Sou mais meu

E eu não 
Sou mais meu

És a fome que 
Me faz cantar

És a sede que 
Me faz beber

És o nome que 
Escuto ao deitar

E o olhar que 
Vejo ao amanhecer

E essa é 
Minha promessa

Eu gastarei minha 
Vida pra Te coroar

Esse é o 
Meu anseio

O meu amor por 
Ti não será 
Um segredo","","1739656927963"
"be1cfdf7-1abf-4ee3-9694-b520eb451449","ae125cfd-96ef-4324-b1f0-f96a4f34eecf","Oh, Quão Lindo Esse Nome É","Ana Nóbrega","ativo","2026-08-17T16:53:54.057312+00:00","No início
Eras a palavra

Um com Deus
O Altíssimo

O mistério
De Tua glória

Cristo
Em Ti se revelou

Oh, quão lindo
Esse nome é

O nome de Jesus
Meu Rei

Oh, quão lindo
Esse nome é

Maior que tudo
Ele é

Oh, quão lindo
Esse nome é

O nome de Jesus

Deixou o céu
Para buscar-nos

Veio pra
Nos resgatar

Amor maior
Que o meu pecado

Nada vai
Nos separar

Oh, quão 
Maravilhoso é

O nome de Jesus
Meu Rei

Oh, quão 
Maravilhoso é

Maior que tudo
Ele é

Oh, quão 
Maravilhoso é

O nome de Jesus

Oh, quão 
Maravilhoso é

O nome de Jesus



A morte 
Venceste

O véu 
Tu rompeste

A tumba
Vazia agora está

O céu Te adora

Proclama 
Tua glória

Pois ressuscitaste
E vivo está

És invencível
Inigualável

Hoje e pra 
Sempre Reinarás

Teu é o reino
Tua é a glória

Acima de todo
Nome está

Poderoso
Esse nome é

O nome de Jesus
Meu Rei

Poderoso
Esse nome é

Mais forte
Que tudo é

Poderoso
Esse nome é

O nome de Jesus

És invencível
Inigualável

Hoje e pra 
Sempre Reinarás

Teu é o reino
Tua é a glória

Acima de todo
Nome está

Poderoso
Esse nome é

O nome de Jesus
Meu Rei

Poderoso
Esse nome é

Mais forte
Que tudo é

Poderoso
Esse nome é

O nome de Jesus","","1591559856596"
"a112c74c-de56-4056-9417-093cc92f2602","ae125cfd-96ef-4324-b1f0-f96a4f34eecf","Outro Na Fornalha","Dunamis Sounds","ativo","2026-08-17T16:53:54.223434+00:00","Há uma graça
Se estou em 
Meio ao fogo

Outro caminho
Se nada me 
Restou

Quando olho
O que fez em mim

Onde estava e
Onde estou aqui

Eu sei sozinho 
Não estarei

Havia um outro 
Na fornalha 

Andando 
Junto a mim

Havia um 
Outro em meio 
Ás águas 

Fazendo o 
Mar se abrir

E se preciso ser 
Lembrado 

Como fui 
Liberto em Ti

Há uma cruz
Que mostra 
O preço

Que Jesus pagou 
Por mim

Há um outro
Na fornalha

Sob as águas
Está o meu 
Passado

Nunca mais o 
Pecado vai 
Me escravizar

Se tropeçar
No meu caminhar

Me levantarei
Eu persistirei

Sigo em frente
E ao mundo não 
Vou me prostrar

Eu sei sozinho 
Não estarei

Há um outro 
Na fornalha

Andando 
Junto a mim

Há um outro 
Em meio ás águas 

Fazendo o 
Mar se abrir

E se preciso 
Ser lembrado

Como fui 
Liberto em Ti

Sei que o 
Poder que 
Vence a morte 

É o poder 
Que vive em mim

Há um outro
Na fornalha
Ooh

Vejo Tua luz 
Sobre as trevas 

Todo o mal 
Se rende a Ti

Ouço o rugir 
Lá do alto

Tua presença 
Está aqui

Sinto o chão 
Tremer

Sob os meus pés 

As muralhas 
Vão cair

Nada nos separa
Nada nos separa

Não há nome igual

Ao nome 
De Jesus

O que era
Que é

E pra sempre será

Mesmo que não 
Saiba o que virá

Sei que Tua
Verdade não 
Falhará

Eu sei sozinho 
Não estarei

Haverá outro na 
Fornalha 

Andando 
Junto a mim

Haverá outro 
Em meio 
Às águas 

Fazendo o 
Mar se abrir

E se preciso 
Ser lembrado

Como fui 
Liberto em Ti

Me alegrarei em 
Meio as lutas 

Pois sei que 
Estarás ali

Vejo Tua luz 
Sobre as trevas

Todo o mal 
Se rende a Ti

Ouço o rugir 
Lá do alto

Tua presença 
Está aqui

Sinto o chão 
Tremer

Sob os meus pés

As muralhas 
Vão cair

Nada nos separa
Nada nos separa

Haverá outro na 
Fornalha

Andando 
Junto a mim

Haverá outro 
Em meio 
Às águas

Fazendo o 
Mar se abrir

E se preciso 
Ser lembrado

Como fui 
Liberto em Ti

Me alegrarei em 
Meio as lutas

Pois sei que 
Estarás ali

Sempre
Estarás ali","","1619984379008"
"b4d74ab6-6e2c-4ad8-ab54-27495d5b392f","ae125cfd-96ef-4324-b1f0-f96a4f34eecf","É Tudo Sobre Você","Morada","ativo","2026-08-17T16:53:49.548407+00:00","A porta da casa
Mais simples

Que o anjo da 
Morte não entra

A estrada que
Corre pro mar

O vento que 
Abre o caminho

É Você
É Você

A nuvem que 
Aponta o destino

É a mesma que
Cobre o passado

O pão que 
Sacia a fome

A rocha que 
Mata minha sede

É Você

Mais perto 
Do monte

Mais perto 
Da face

Me espanto com 
O peso da Tua glória

Mais perto 
Da glória

É mais perto 
Da morte

O medo quer 
Me parar

Então me tira 
O medo

Que me faz 
Dizer Moisés

Suba em meu lugar

Me faz entender

Que a tempestade 
É Você

Chuva forte é Você

Vento forte 
É Você

E o que me faz 
Tremer as pernas

A porta aberta 
É Você

Mas a fechada 
É Você

É tudo sobre Você

Mais perto 
Do monte

Mais perto 
Da face

Me espanto com 
O peso da Tua Glória

Mais perto 
Da Glória

Mais perto 
Da morte

O medo quer 
Me parar

Então me tira 
O medo

Que me faz 
Dizer Moisés

Suba em meu lugar

Me faz entender

Que a tempestade 
É Você

Chuva forte é Você

Vento forte 
É Você

E o que me faz 
Tremer as pernas

A porta aberta 
É Você

Mas a fechada 
É Você

É tudo sobre Você

Então me tira 
O medo

Que me faz 
Dizer Moisés

Suba em meu lugar

Me faz entender

Que a tempestade 
É Você

Chuva forte é Você

Vento forte 
É Você

E o que me faz 
Tremer as pernas

A porta aberta 
É Você

Mas a fechada 
É Você

É tudo sobre Você

Eu vou subir 
O monte

Que muitos desistiram

E vou ficar lá
Até Te encontrar

Eu vou entrar 
Na casa

E vou fazer morada

E vou ficar lá
Até Te encontrar

Eu vou subir 
O monte

Que muitos desistiram

E vou ficar lá
Até Te encontrar

Eu vou entrar 
Na casa

E vou fazer morada

E vou ficar lá
Até Te encontrar

Mais perto 
Do monte

Mais perto 
Da face

Me espanto com 
O peso da Tua Glória

Mais perto 
Da Glória

É mais perto 
Da morte

O medo quer 
Me parar

Então me tira 
O medo

Que me faz 
Dizer Moisés

Suba em meu lugar

Me faz entender

Que a tempestade 
É Você

Chuva forte é Você

Vento forte 
É Você

E o que me faz 
Tremer as pernas

A porta aberta 
É Você

Mas a fechada 
É Você

É tudo sobre Você

A tempestade 
É Você

Chuva forte 
É Você

Vento forte 
É Você

E o que me faz 
Tremer as pernas

A porta aberta 
É Você

Mas a fechada 
É Você

É tudo sobre Você

 

A nuvem que 
Aponta o destino

É a mesma que 
Cobre o passado

O pão que 
Sacia a fome

A rocha que 
Mata minha sede 

É Você","","1594583877927"
"13d3da74-c87a-45d3-a0e0-ee3da80674f5","ae125cfd-96ef-4324-b1f0-f96a4f34eecf","Reacende a Chama","Sued Silva","ativo","2026-08-17T16:53:55.180442+00:00","Muitos confiam em carros

E outros em seus cavaleiros

Muitos te louvam com lábios

E o coração dividido

Perdidos
Dentro da casa do Pai

Já não se lembram

Que o Céu é real

Tão ocupados

Com coisas banais

Abra os nossos
Olhos espirituais

Porque pararam
De falar do Céu

Acham que Cristo

Não vai mais voltar

Já não se fala tanto

Em oração e santificação

Não querem mais pregar

Porque pararam
De falar do Céu

E só se fala
Em bens materiais

Mas eu sei que
Dentro da igreja

Existe uma igreja espiritual

Levanta essa geração

Desperta, igreja, em oração

Faz arder de novo
Reacende o fogo

Levanta essa geração

Traz de volta a visão

Onde tudo começou

De volta ao primeiro amor

Reacende a chama

Vem nos restaurar

Como em ""Atos 2""

Desce aqui neste lugar

 

Oh Oh Oh","","1770580064405"
"eda51db0-6c62-468c-885f-c8ed483286bf","ae125cfd-96ef-4324-b1f0-f96a4f34eecf","Espírito, Enche a Minha Vida","Quatro Por Um","ativo","2026-08-17T16:53:50.230167+00:00","Espírito 
Enche a Minha vida

Espírito 
Enche a Minha vida

Enche-me do 
Teu poder 

Pois de Ti 
Eu quero ser

Espírito
Enche o meu ser

As minhas mãos 
Eu quero levantar 

E em louvor 
Te adorar

Meu coração 
Eu quero derramar 

Diante do 
Teu altar","","1619379557641"
"afde7938-cb10-43f9-9c7e-8c4cb789c42b","ae125cfd-96ef-4324-b1f0-f96a4f34eecf","Tu És + Águas Purificadoras","Florianópolis House Of Prayer, Débora Rabelo e Hamilton Rabelo","ativo","2026-08-17T16:53:56.47074+00:00","Junto ao poço
Estava eu

Quando um 
Homem judeu

Viu a sede que 
Havia em mim

Sem me ouvir 
Conheceu

E me ofereceu
Uma água que 
Jorra sem fim

Dá-me de beber
Pois tenho sede

Não quero mais 
Buscar em outras 
Fontes

Não precisarei 
Aqui voltar pra 
Minha sede saciar

Uma vez que 
Já ouvi Teu falar

Tu és por quem 
A minh'alma esperou

A fonte da vida 
Que me encontrou

És o dom 
De Deus, o Messias

O meu Salvador

Junto ao poço
Estava eu

Quando um 
Homem judeu

Viu a sede que 
Havia em mim

Sem me ouvir 
Conheceu

E me ofereceu
Uma água que 
Jorra sem fim

Dá-me de beber
Pois tenho sede

Não quero mais 
Buscar em outras 
Fontes

Não precisarei 
Aqui voltar pra 
Minha sede saciar

Uma vez que 
Já ouvi Teu falar

Tu és por quem 
A minh'alma esperou

A fonte da vida 
Que me encontrou

És o dom 
De Deus, o Messias

O meu Salvador

Tu és por quem 
A minh'alma esperou

A fonte da vida 
Que me encontrou

És o dom 
De Deus, o Messias

O meu Salvador

Dá-me de beber
Pois tenho sede

Não quero mais 
Buscar em outras 
Fontes

Não precisarei 
Aqui voltar pra 
Minha sede saciar

Uma vez que 
Já ouvi Teu falar

Dá-me de beber
Pois tenho sede

Não quero mais 
Buscar em outras 
Fontes

Não precisarei 
Aqui voltar pra 
Minha sede saciar

Uma vez que 
Já ouvi Teu falar

Tu és por quem 
A minh'alma esperou

A fonte da vida 
Que me encontrou

És o dom 
De Deus, o Messias

O meu Salvador

Tu és por quem 
A minh'alma esperou

A fonte da vida 
Que me encontrou

És o dom 
De Deus, o Messias

O meu Salvador

Quero beber do 
Teu rio, Senhor

Sacia minha sede
Lava o meu interior

Eu quero fluir 
Em Tuas águas

Eu quero beber 
Da Tua fonte

Fonte de 
Águas vivas

Quero beber do 
Teu rio, Senhor

Sacia minha sede
Lava o meu interior

Eu quero fluir 
Em Tuas águas

Eu quero beber 
Da Tua fonte

Fonte de 
Águas vivas

Tu és por quem 
A minh'alma esperou

A fonte da vida 
Que me encontrou

És o dom 
De Deus, o Messias

O meu Salvador

Tu és por quem 
A minh'alma esperou

A fonte da vida 
Que me encontrou

És o dom 
De Deus, o Messias

O meu Salvador

Tu és por quem 
A minh'alma esperou

A fonte da vida 
Que me encontrou

És o dom 
De Deus, o Messias

O meu Salvador","","1714311005387"
"3b871a9c-e7f7-47bb-8edf-34344189aef8","ae125cfd-96ef-4324-b1f0-f96a4f34eecf","A Resposta","Thalles Roberto","ativo","2026-08-17T16:53:47.304745+00:00","Não, não 
Há lugar

Não há lugar 
Melhor

Que o lugar 
Que eu sinto

Que o 
Senhor está

Só nesse lugar
O medo perde 
A vez

E dá lugar a fé

Capaz de me 
Levar a paz

Que excede todo
Entendimento

Quem vê de fora
Não entende

Como é que 
Estão de pé

Como eles 
Conseguiram

A resposta 
É que eu vivo 
De milagres

Desta vez 
Vai ser mais 
Um milagre

Eu não sei como 
Deus irá fazer

Mas eu sei
Vai ser perfeito

Como tudo
O que Ele faz","","1606086654790"
"4ae0e8fa-efb1-4b36-bcf1-26a66557a0b7","ae125cfd-96ef-4324-b1f0-f96a4f34eecf","Porque Ele Vive","Dunamis Music, Nívea Soares e Victor Valente","ativo","2026-08-17T16:53:54.574507+00:00","Deus enviou
Seu Filho amado

Para morrer
Em meu lugar

Na cruz sofreu
Por meus pecados

Mas ressurgiu
E vivo com o Pai está

Porque Ele vive
Posso crer no amanhã

Porque Ele vive
Temor não há

Mas eu bem sei
Eu sei que a minha vida

Está nas mãos de meu Jesus
Que vivo está

E quando, enfim
Chegar a hora

Em que a morte
Enfrentarei

Sem medo, então
Terei vitória

Verei na Glória o meu Jesus
Que vivo está

Porque Ele vive
Posso crer no amanhã

Porque Ele vive
Temor não há

Mas eu bem sei
Eu sei que a minha vida

Está nas mãos de meu Jesus
Que vivo está","","1780253950430"
"0beb371d-5f29-493b-b533-bc8b571c272d","ae125cfd-96ef-4324-b1f0-f96a4f34eecf","Vitorioso És Medley","Gabi Sampaio","ativo","2026-08-17T16:53:52.83966+00:00","Lutamos com 
Armas de fé

E nada 
Irá resistir

Enquanto adoramos

Em meio 
Ás tribulações

O nosso Deus 
É vencedor

Nós O adoramos

Vitorioso És

Na tempestade 
Estás

Teu nome 
Infalível é

Os reinos 
Vêm e vão

Teu trono 
Acima está

Teu nome 
Imutável é

O inferno 
Não prevaleceu

E nada irá 
Me impedir

Eu Te adorarei

Muralhas 
Vão estremecer

Cadeias irão 
Se romper

Enquanto adoramos

Oh, oh, oh

Vitorioso És
Na tempestade estás

Teu nome 
Infalível é

Os reinos 
Vêm e vão

Teu trono 
Acima está

Teu nome 
Imutável é

Como um trovão
Impetuoso

Poderoso És
Grandioso És

Que venha o céu
Nós proclamamos

Poderoso És
Grandioso És

Como um trovão
Impetuoso

Poderoso És
Grandioso És

Que venha o céu
Nós proclamamos

Poderoso És
Grandioso És

Vitorioso És
Na tempestade estás

Teu nome 
Infalível é

Os reinos 
Vêm e vão

Teu trono 
Acima está

Teu nome 
Imutável é

Como um trovão
Impetuoso

Poderoso És
Grandioso És

Que venha o céu
Nós proclamamos

Poderoso És
Grandioso És

Deus vai Na frente 
Abrindo caminho

Quebrando as Correntes 
tirando Os espinhos

Ordena aos 
Anjos pra Contigo lutar

Ele abre as portas 
Pra ninguém mais Fechar

Ele trabalha pra 
O que nele confia

Caminha contigo 
De noite ou de dia

Erga suas mãos
Sua bênção chegou

Comece a cantar 
Com muito louvor

Com muito louvor
Com muito louvor

Com muito louvor
Com muito louvor

Com muito louvor
Com muito louvor

Com muito louvor

Deus vai na frente 
Abrindo caminho

Quebrando as 
Correntes, tirando 
Os espinhos

Ordena aos anjos 
Pra contigo lutar

Ele abre as portas 
Pra ninguém mais 
Fechar

Ele trabalha pra 
O que nele confia

Caminha contigo 
De noite ou de dia

Erga suas mãos
Sua bênção chegou

Comece a cantar 
Com muito louvor

Com muito louvor
Com muito louvor

Com muito louvor
Com muito louvor

Com muito louvor
Com muito louvor

Com muito louvor

Santo
Santo

É o Senhor Deus 
Poderoso

Digno de louvor
Digno de louvor

Tu És Santo
Santo

É o Senhor Deus 
Poderoso

Digno de louvor
Digno de louvor

Tu És Santo
Santo

É o Senhor Deus 
Poderoso

Digno de louvor
Digno de louvor

Tu És Santo
Santo

É o Senhor Deus 
Poderoso

Digno de louvor
Digno de louvor

Tu És Santo
Santo

É o Senhor Deus 
Poderoso

Digno de louvor
Digno de louvor

Tu És Santo
Santo

É o Senhor Deus 
Poderoso

Digno de louvor
Digno de louvor

Amém","","1717960373434"
"2341ea81-d226-4cdd-90dd-b32885bbed48","ae125cfd-96ef-4324-b1f0-f96a4f34eecf","Eis Que Estou à Porta","Fernandinho","ativo","2026-08-17T16:53:49.623239+00:00","Eu sou Aquele
Que Te amou Primeiro

Eu sou

Aquele que te viu 
Em terra muito seca

Eu sou

Aquele que
Desceu dos céus

E se entregou
Foi por amor

Foi por amor

Eu sou Aquele
Que Te amou primeiro

Eu sou

Aquele que te viu 
Em terra Muito seca

Eu sou

Aquele que
Desceu dos céus

E se entregou
Foi por amor

Foi por amor
Foi por amor

Eis que estou 
Á porta e bato

Se alguém
Ouvir minha voz

E abrir
Eu entrarei

Eis que estou 
Á porta e bato

Se alguém
Ouvir minha voz

E abrir
Eu entrarei

Eis que estou 
Á porta e bato

Se alguém
Ouvir minha voz

Eis que estou 
Á porta e bato

Se alguém
Ouvir minha voz

E abrir
Eu entrarei

Aos cansados
E todos os oprimidos

Sobrecarregados 
E aflitos

Venham
Venham a mim

Aos cansados
E todos os oprimidos

Sobrecarregados 
E aflitos

Venham
Venham a mim

Aos cansados
E todos os oprimidos

Sobrecarregados 
E aflitos

Venham
Venham a mim

Aos cansados
E todos os oprimidos

Sobrecarregados 
E aflitos

Venham
Venham a mim

Eis que estou 
Á porta e bato

Se alguém
Ouvir minha voz 

E abrir
Eu entrarei

Eis que estou 
Á porta e bato

Se alguém
Ouvir minha voz 

E abrir
Eu entrarei

Eis que estou 
Á porta e bato

Se alguém
Ouvir minha voz 

E abrir
Eu entrarei

Eis que estou 
Á porta e bato

Se alguém
Ouvir minha voz 

E abrir
Eu entrarei

Eu entrarei
Eu entrarei","","1697915715818"
"c84cca1c-acaf-4cb4-be56-3f0dbb4331ca","ae125cfd-96ef-4324-b1f0-f96a4f34eecf","Yahweh se manifestará","Oasis Ministery","ativo","2026-08-17T16:53:57.548093+00:00","Yahweh, Rafá
Elohim, Shaddai

Jirê, Adonai
Se manifestará

Yahweh, Rafá
Elohim, Shaddai

Jirê, Adonai
Se manifestará

Sentimos Sua 
Glória Nesse lugar

Algo grande 
Acontecerá

Se ativa o 
Sobrenatural

Sentimos Sua 
Glória Nesse lugar

Algo grande 
Acontecerá

Se ativa o 
Sobrenatural

Yahweh, Rafá
Elohim, Shaddai

Jirê, Adonai
Se manifestará 

Sentimos Sua 
Glória Nesse lugar

Algo grande 
Acontecerá

Se ativa o 
Sobrenatural

Yahweh, Rafá
Elohim, Shaddai

Jirê, Adonai
Se manifestará

Yahweh, Rafá
Elohim, Shaddai

Jirê, Adonai
Se manifestará

Yahweh se manifestará
Jirê se manifestará

Rafá se manifestará
Se manifestará

Se adorarmos
Deus se manifestará

Se clamarmos
Deus se manifestará

Se buscarmos
Deus se manifestará

Se adorarmos
Deus se manifestará

Se clamarmos
Deus se manifestará

Se buscarmos
Deus se manifestará

Se adorarmos
Deus se manifestará

Se clamarmos
Deus se manifestará

Se buscarmos
Deus se manifestará

Se adorarmos
Deus se manifestará

Se clamarmos
Deus se manifestará

Se buscarmos
Deus se manifestará

Yahweh se manifestará
Jirê se manifestará

Rafá se manifestará
Se manifestará

Yahweh se manifestará
Jirê se manifestará

Rafá se manifestará
Se manifestará

Se adorarmos
Deus se manifestará

Se clamarmos
Deus se manifestará

Se buscarmos
Deus se manifestará

Se adorarmos
Deus se manifestará

Se clamarmos
Deus se manifestará

Se buscarmos
Deus se manifestará

Se adorarmos
Deus se manifestará

Se clamarmos
Deus se manifestará

Se buscarmos
Deus se manifestará

Se adorarmos
Deus se manifestará

Se clamarmos
Deus se manifestará

Se buscarmos
Deus se manifestará

Se adorarmos
Deus se manifestará

Se clamarmos
Deus se manifestará

Se buscarmos
Deus se manifestará

Se adorarmos
Deus se manifestará

Se clamarmos
Deus se manifestará

Se buscarmos
Deus se manifestará

Se adorarmos
Deus se manifestará

Se clamarmos
Deus se manifestará

Se buscarmos
Deus se manifestará

Se adorarmos
Deus se manifestará

Se clamarmos
Deus se manifestará

Se buscarmos
Deus se manifestará

Yahweh se manifestará
Jirê se manifestará

Rafá se manifestará
Se manifestará

Yahweh se manifestará
Jirê se manifestará

Rafá se manifestará
Se manifestará

Yahweh, Rafá
Elohim, Shaddai

Jirê, Adonai
Se manifestará","","1745701545043"
"ad2747b7-94fe-480a-b191-5acaabe5fa85","ae125cfd-96ef-4324-b1f0-f96a4f34eecf","Isaías 9","Rodolfo Abrantes","ativo","2026-08-17T16:53:52.351387+00:00","Um menino nasceu

Como um filho
Se nos deu

Ele é o próprio Deus

E vive em mim

Debaixo de 
Suas asas
Eu me escondi

E o Seu nome
É maravilhoso

Glória ao Príncipe
Da paz

O céu começa 
A se abrir

Toda a terra
Se dobrou a Ti

Cristo 
Rei dos reis

Veio nos buscar

Leva-nos em 
Tuas mãos

Pelas portas da cidade

Na nova Jerusalém

Tua noiva vai entrar

Santo Santo
É o Senhor

Ninguém me toca
Como você

Ninguém me vê
Como você me vê

Faz brilhar
Seu rosto sobre mim","","1590124422853"
"ceea44a6-7688-4202-8f95-e2309f3d81a8","ae125cfd-96ef-4324-b1f0-f96a4f34eecf","Tu És Bom","Adoração e Adoradores","ativo","2026-08-17T16:53:56.538621+00:00","Senhor, Tu és bom

Tua misericórdia
É pra sempre

Todos os povos
Te exaltarão

De geração em geração

Te adorarei
Aleluia, aleluia

Te adorarei
Por tudo o que És

Deus é bom 
O tempo todo

O tempo todo 
Deus é bom

Por tudo o que És

Por tudo o que És

Deus é bom!","","1774450457451"
"358beeb9-63b8-43d7-8289-b36fde1f92ff","ae125cfd-96ef-4324-b1f0-f96a4f34eecf","Eu e Minha Casa","Julliany Souza e Léo Brandão","ativo","2026-08-17T16:53:50.578952+00:00","Bendita será nossa casa
Benditos serão nossos filhos

E nós glorificaremos ao Senhor

Minha casa não será abalada
Em Cristo está alicerçada

E nós glorificaremos ao Senhor

A rocha em quem minha casa
Está firmada, é Ele, é Ele

O amor que alcançou
A minha casa é Ele, é Ele

Meu Jesus
Eu Te entrego minha vida
Te dou meu lar, minha família

Eu e minha casa, Senhor
Te serviremos com amor","","1779138844121"
"863f5058-a74c-40fc-88b3-4c550bb36af3","ae125cfd-96ef-4324-b1f0-f96a4f34eecf","Puro e Simples","Morada","ativo","2026-08-17T16:53:54.732411+00:00","Olha, Deus
O desenho que 
Eu fiz pra ti

Esse aqui é o meu pai

Essa aqui é a mamãe 
E o meu irmão

E esse aqui é você

E esse aqui é você
Deus

Sabe, Deus
A minha mãe me 
Falou mais cedo

Que, qualquer coisa
Que me der medo, 

Posso correr pra você

E quando chegar lá
Será que você vai 
Me encontrar?

Se eu ficar no meu lugar 

Secreto, discreto, bem quieto

Esperando você me achar

Um, dois, três, 
Quatro, cinco

Seis, sete, oito, 
Nove, dez

Onze, doze, treze, 
Quatorze, quinze

Dezesseis, dezessete, 
Dezoito, dezenove

Vinte, vinte e um, vinte 
E dois, vinte e três

Vinte e quatro, vinte 
E cinco, vinte e seis

Vinte e sete, vinte 
E oito, 

Vinte e nove, trinta
Lá vou eu","","1665249329300"
"68e9cc9f-f600-4eb7-aa8b-382df3fbaa7b","ae125cfd-96ef-4324-b1f0-f96a4f34eecf","Quebrantado","Vineyard","ativo","2026-08-17T16:53:55.022922+00:00","Eu olho para 
A cruz

Para a cruz 
Eu vou

Do Seu sofrer 
Participar

Tua obra 
Vou cantar

Meu salvador 
Na cruz mostrou

Do amor do pai
Justo Deus

Pela cruz 
Me chamou

Gentilmente 
Me atraiu

E eu, sem palavras
Me aproximo

Quebrantado 
Por Seu amor

Imerecida vida
De graça recebi

Por Sua cruz
Da morte me livrou

Trouxe-me 
A vida

Eu estava condenado

Mas agora 
Pela cruz

Eu fui reconciliado

Pela cruz 
Me chamou

Gentilmente 
Me atraiu

E eu, sem palavras
Me aproximo

Quebrantado 
Por Seu amor

Pela cruz 
Me chamou

Gentilmente 
Me atraiu

E eu, sem palavras
Me aproximo

Quebrantado 
Por Seu amor

Impressionante
É o Seu amor

Me redimiu e 
Me mostrou
O quanto é fiel

Impressionante
É o Seu amor

Me redimiu e 
Me mostrou
O quanto é fiel

Pela cruz 
Me chamou

Gentilmente 
Me atraiu

E eu, sem palavras
Me aproximo

Quebrantado 
Por Seu amor

Pela cruz 
Me chamou

Gentilmente 
Me atraiu

E eu, sem palavras
Me aproximo

Quebrantado 
Por Seu amor","","1601765811939"
"beda6b22-794d-439a-af2c-e4f20d3bf522","ae125cfd-96ef-4324-b1f0-f96a4f34eecf","Creio Que Tu És a Cura","Gabriela Rocha","ativo","2026-08-17T16:53:49.07168+00:00","Me escutas 
Quando clamo

E acalma o 
Meu pensar

Me levas pelo 
Fogo curando 
Todo meu ser

Confio em Ti
Confio em Ti

Creio que 
Tu és a cura

Creio que és 
Tudo para mim

Creio que 
Tu és a vida

Creio que não 
Há outro igual
A Ti

Jesus, eu preciso 
De Ti

Me escutas 
Quando clamo

E acalma o 
Meu pensar

Me levas pelo
Fogo curando 
Todo meu ser

Confio em Ti
Confio em Ti

Creio que 
Tu és a cura

Creio que és
 Tudo para mim

Creio que 
Tu és a vida

Creio que não 
Há outro igual 
A Ti

Jesus, eu preciso
De Ti

Não há outro 
Igual a Ti

Nada é impossível 
Para Ti
Nada é impossível

Nada é impossível 
Para Ti

Tens o meu mundo 
Em Tuas mãos

Nada é impossível 
Para Ti
Nada é impossível

Nada é impossível 
Para Ti

Tens o meu mundo 
Em Tuas mãos

Creio que 
Tu és a cura

Creio que és 
Tudo para mim

Creio que 
Tu és a vida

Creio que não 
Há outro igual 
A Ti

Jesus, eu preciso 
De Ti 

Não há outro 
Igual a Ti 

Jesus, eu preciso 
De Ti","","1746230936361"
"167adaa2-a81e-479c-9e30-f4018762cb37","ae125cfd-96ef-4324-b1f0-f96a4f34eecf","Bendito é o Rei","Fhop music","ativo","2026-08-17T16:53:48.129412+00:00","Antes separados 
Destituídos 

Da glória 
De Deus

Agora justificados

Pelo sangue 
Feitos filhos De Deus

Cante, Cante 
Cante

Exalte ao Senhor

Grandes são Seus feitos 
Entre as nações

Povos, tribos
Línguas

Em uma só voz

Saudai o Rei 
Com devido Louvor

Antes separados 
Destituídos 

Da glória de Deus

Agora justificados

Pelo sangue 
Feitos filhos De Deus

Cante, Cante
Cante

Exalte ao Senhor

Grandes são 
Seus feitos 
Entre as nações

Povos, tribos
Línguas

Em uma só voz

Saudai o Rei 
Com devido Louvor

Transformou 
Nosso pranto

Nossa vergonha 
Em honra

Nos deu 
Novo nome

Para o louvor 
De Sua glória

Transformou 
Nosso pranto

Nossa vergonha 
Em honra

Nos deu 
Novo nome

Para o louvor 
De Sua glória

Dai louvor 
Com palmas

Dai louvor 
Ele é digno

Dai louvor 
Com Sua voz

Bendito é o Rei
Bendito é o Rei

Dai louvor 
Com palmas

Dai louvor 
Ele é digno

Dai louvor 
Com Sua voz

Bendito é o Rei
Bendito é o Rei

Venham de 
Todos os Cantos

Louvem, todo 
Ser que tem Fôlego

Grite
Bendito é o Rei

Bendito é o Rei
Bendito é o Rei

Venham de 
Todos os Cantos

Louvem, todo 
Ser que tem Fôlego

Grite
Bendito é o Rei

Bendito é o Rei
Bendito é o Rei!

Cante, Cante
Cante

Exalte ao Senhor

Grandes são Seus feitos 
Entre as nações

Povos, tribos
Línguas

Em uma só voz

Saudai o Rei 
Com devido Louvor

Cante, Cante
Cante

Exalte ao Senhor

Grandes são Seus feitos 
Entre as nações

Povos, tribos
Línguas

Em uma só voz

Saudai o Rei 
Com devido Louvor","","1708805495005"
"54316140-e6f4-4036-9993-f6bb3ddc76b0","ae125cfd-96ef-4324-b1f0-f96a4f34eecf","Colossenses e Suas Linhas de Amor","Florianópolis House Of Prayer e Marco Telles","ativo","2026-08-17T16:53:48.700101+00:00","Lembrem 
Da canção

Cristo é o retrato 
De Deus

Do que foi 
Feito antecedeu

Primeiro

Antes do nascer

Fez justiça e 
Em Si morreu

Supremacia e 
Tronos são

São Teus

Lembrem 
Da canção

Cristo é o retrato 
De Deus

Do que foi 
Feito antecedeu

Primeiro

Antes do nascer

Fez justiça e 
Em Si morreu

Supremacia e 
Tronos são

São Teus

E aquele fio 
Que se rompeu

Da minha alma 
Até a Deus

O sangue Santo 
Costurou

Cristo e Suas 
Linhas de amor

E agora Um homem 
Feito eu

Pode no homem 
Ver a Deus

Ter paz, viver 
Andar e ser

Me fez amigo 
Em Seu verter

E aquele fio 
Que se rompeu

Da minha alma 
Até a Deus

O sangue Santo 
Costurou

Cristo e Suas 
Linhas de amor

E agora Um homem 
Feito eu

Pode no homem 
Ver a Deus

Ter paz, viver 
Andar e ser

Me fez amigo 
Em Seu verter

Paz com Deus

Paz com Deus

Paz com Deus

Paz com Deus

Paz com Deus

Paz com Deus

Paz com Deus

Paz com Deus","","1699816316303"
"bcfc5360-f452-4d73-af30-6b49fa971eaa","ae125cfd-96ef-4324-b1f0-f96a4f34eecf","Santo Espírito","Paulo César Baruk, part. Leonardo Gonçalves","ativo","2026-08-17T16:53:55.562573+00:00","Não há nada igual

Não há nada melhor

A que se comparar 
Á esperança viva

Tua presença

Eu provei e vi
O mais doce amor

Que liberta o meu ser
E a vergonha desfaz

Tua presença

Santo Espírito 
És bem-vindo aqui

Vem inundar e 
Encher esse lugar

É o desejo do 
Meu coração

Sermos inundados 
Por Tua glória 

Senhor

Não há nada igual

Não há nada melhor

A que se comparar 
Á esperança viva

Tua presença

Eu provei e vi
O mais doce amor

Que liberta o meu ser
E a vergonha desfaz

Tua presença
Senhor

Santo Espírito, 
És bem-vindo aqui

Vem inundar e 
Encher esse lugar

É o desejo do 
Meu coração

Sermos inundados 
Por Tua glória

 Senhor

Santo Espírito
És bem-vindo aqui

Vem inundar e 
Encher esse lugar

É o desejo do 
Meu coração

Sermos inundados 
Por Tua glória

Senhor

Vamos provar quão 
Real é Tua presença

Vamos provar a 
Tua glória e bondade

Vamos provar quão 
Real é Tua presença

Vamos provar da 
Tua glória e bondade

Vamos provar quão 
Real é Tua presença

Vamos provar da 
Tua glória e bondade

Vamos provar o quão 
Real é Tua presença

Vamos provar da 
Tua glória e bondade

Santo Espírito 
És bem-vindo aqui

Vem inundar e 
Encher esse lugar

É o desejo do 
Meu coração

Sermos inundados 
Por Tua glória 

Senhor

Santo Espírito, 
És bem-vindo aqui

Vem inundar e 
Encher esse lugar

É o desejo do 
Meu coração

Sermos inundados 
Por Tua glória 

Senhor

Santo Espírito
És bem-vindo aqui

Vem inundar e 
Encher esse lugar

É o desejo do 
Meu coração

Sermos inundados 
Por Tua glória

Senhor","","1671391877061"
"0eb31316-c95b-4a46-a75b-62ab5b6cbfb4","ae125cfd-96ef-4324-b1f0-f96a4f34eecf","Boa Parte","Fhop (Nivea Soares)","ativo","2026-08-17T16:53:48.214022+00:00","Precioso Jesus

Aos Teus pés 
Aqui estou

O que eu poderia 
Te oferecer

Por tudo o 
Que Tu és

Tudo o que tenho
Eu derramo aos 
Teus pés

Não importa 
Quanto custou

Jesus, Teu valor 
É maior

Eu encontrei o 
Meu tesouro

Eu encontrei o 
Bem mais precioso

Eu encontrei o 
Meu tesouro

Eu encontrei o 
Bem mais precioso

Precioso Jesus

Eu amo o som 
Da Tua voz

Tuas palavras 
São mais desejáveis

Que o mais 
Doce mel

Tudo o que tenho
Eu derramo aos 
Teus pés

Não importa o 
Quanto custou

Jesus, Teu valor 
É maior

Jesus, Teu valor 
É maior

Eu encontrei o 
Meu tesouro

Eu encontrei o 
Bem mais precioso

Eu encontrei o 
Meu tesouro

Eu encontrei o 
Bem mais precioso

Como Maria
Que estava aos 
Seus pés e dissestes 

A ela essa 
É a boa parte 
Que nunca

Que nunca 
Será tirada

Como Maria
Que estava aos 
Seus pés e dissestes 

A ela essa 
É a boa parte 
Que nunca

Que nunca 
Será tirada

Como Maria
Que estava aos 
Seus pés e dissestes 

A ela essa 
É a boa parte 
Que nunca

Que nunca 
Será tirada

Como Maria
Que estava aos 
Seus pés e dissestes 

A ela essa 
É a boa parte 
Que nunca

Que nunca 
Será tirada

Eu encontrei o 
Meu tesouro

Eu encontrei o 
Bem mais precioso

Eu encontrei o 
Meu tesouro

Eu encontrei o 
Bem mais precioso

Como Maria
Que estava aos 
Seus pés e dissestes 

A ela essa 
É a boa parte 
Que nunca

Que nunca 
Será tirada

Como Maria
Que estava aos 
Seus pés e dissestes 

A ela essa 
É a boa parte 
Que nunca

Que nunca 
Será tirada

Como Maria
Que estava aos 
Seus pés e dissestes 

A ela essa 
É a boa parte 
Que nunca

Que nunca 
Será tirada

Como Maria
Que estava aos 
Seus pés e dissestes 

A ela essa 
É a boa parte 
Que nunca

Que nunca 
Será tirada

Eu encontrei o 
Meu tesouro

Eu encontrei o 
Bem mais precioso

Eu encontrei o 
Meu tesouro

Eu encontrei o 
Bem mais precioso","","1730057002226"
"8d6114d0-fc3a-416d-b203-3b2074be7ab8","ae125cfd-96ef-4324-b1f0-f96a4f34eecf","Bondade de Deus","Isaías Saad","ativo","2026-08-17T16:53:48.30865+00:00","Te amo
Deus

Tua graça 
Nunca falha

Todos os dias

Eu estou em 
Tuas mãos

Desde quando 
Me levanto

Até eu me deitar

Eu cantarei da 
Bondade de Deus

És fiel em 
Todo tempo

Em todo tempo 
Tu és tão
Tão bom

Com todo fôlego 
Que tenho

Eu cantarei da 
Bondade de Deus

Tua doce voz

Que me guia em 
Meio ao fogo

Na escuridão

Tua presença 
Me conforta

Sei que és 
Meu Pai

Que amigo és

Eu vivo na 
Bondade de Deus

És fiel em 
Todo tempo

Em todo tempo 
Tu és tão
Tão bom

Com todo fôlego 
Que tenho

Eu cantarei da 
Bondade de Deus

Tua bondade 
Me seguirá

Me seguirá
Senhor

Tua bondade 
Me seguirá

Me seguirá
Senhor

Eu me rendo 
A Ti

Te dou o 
Meu ser

Entrego tudo 
A Ti

Tua bondade 
Me seguirá

Me seguirá
Senhor

Tua bondade 
Me seguirá

Me seguirá
Senhor

Tua bondade 
Me seguirá

Me seguirá
Senhor

Eu me rendo 
A Ti

Te dou o 
Meu ser

Entrego tudo 
A Ti

Tua bondade 
Me seguirá

Me seguirá
Senhor

És fiel em 
Todo tempo

Em todo tempo 
Tu és tão
Tão bom

Com todo fôlego 
Que tenho

Eu cantarei da 
Bondade de Deus

És fiel em 
Todo tempo

Em todo tempo 
Tu és tão
Tão bom

Com todo fôlego 
Que tenho

Eu cantarei da 
Bondade de Deus

És fiel em 
Todo tempo

Em todo tempo 
Tu és tão
Tão bom

Com todo fôlego 
Que tenho

Eu cantarei da 
Bondade de Deus

Eu cantarei da 
Bondade de Deus","","1677712535524"
"fbd80750-6c67-4931-ba7c-8bcb2f49f107","ae125cfd-96ef-4324-b1f0-f96a4f34eecf","Não Há Amor Igual","MORADA","ativo","2026-08-17T16:53:53.317285+00:00","Nada se compara
Ao Teu amor

Deixou Sua glória
E habitou entre nós

Em tudo foi tentado

Levou sobre Si
As nossas dores

Foi moído
Por nossos pecados

Por Seu sangue
Nós fomos lavados

E o castigo
Que nos traz a paz

Estava sobre Ti

Por Suas pisaduras
Nós fomos sarados

Totalmente

Não há amor igual
Jesus, Tu és real

És o meu amigo fiel

Maravilhoso amor
Sim, Jesus me salvou

És o sacrifício perfeito

Não há amor igual
Jesus, Tu és real

És o meu amigo fiel

Maravilhoso amor
Sim, Jesus me salvou

És o sacrifício perfeito

Tudo que tenho, terás
Tudo que sou, Tu terás

A recompensa
Do Teu sacrifício

A recompensa
Do Teu sacrifício

Tudo que tenho, terás
Tudo que sou, Tu terás

A recompensa
Do Teu sacrifício

A recompensa
Do Teu sacrifício

És o sacrifício perfeito","","1779815263080"
"3451566e-a6dc-47d6-9f90-d1f2544f400c","ae125cfd-96ef-4324-b1f0-f96a4f34eecf","Se Deus é por nós","Leandro Soares e Marcelo Markes","ativo","2026-08-17T16:53:55.726114+00:00","Seja forte
Corajoso

Não tenha medo
Não desanime

Seja forte
Corajoso

Não tenha medo
Não desanime

O que diremos
Pois, diante 
Dessas coisas

Se Deus é 
Por nós 

Quem será 
Contra nós

O que diremos
Pois, diante 
Dessas coisas

Se Deus é 
Por nós 

Quem será 
Contra nós

O meu Deus
Ele vai com você

Ele nunca 
Te deixará

O meu Deus 
Nunca te deixou

Nem te abandonará
Nem te abandonará

O meu Deus
Ele vai com você

Ele nunca 
Te deixará

O meu Deus 
Nunca te deixou

Nem te abandonará
Nem te abandonará 

O que diremos
Pois, diante 
Dessas coisas

Se Deus é 
Por nós 

Quem será
Contra nós

O que diremos
Pois, diante 
Dessas coisas

Se Deus é 
Por nós 

Quem será
Contra nós

O meu Deus
Ele vai com você

Ele nunca 
Te deixará

O meu Deus 
Nunca te deixou

Nem te abandonará
Nem te abandonará

O meu Deus 
Ele vai com você

Ele nunca 
Te deixará

O meu Deus 
Nunca te deixou

Nem te abandonará
Nem te abandonará

O que diremos
Pois, diante 
Dessas coisas

Se Deus é 
Por nós

Quem será 
Contra nós

O que diremos
Pois, diante 
Dessas coisas

Se Deus é 
Por nós e 

Quem será 
Contra nós","","1730660259750"
"f81666e0-284a-4e83-a122-5e36f6864040","ae125cfd-96ef-4324-b1f0-f96a4f34eecf","Corpo e Família/ Eu Quero Ser Uma Bênção/ Deus Sara Esta Nação","","ativo","2026-08-17T16:53:48.969969+00:00","Recebi um novo 
coração do Pai

Coração regenerado
Coração transformado

Coração que é inspirado por Jesus

Como fruto desse 
novo coração

Eu declaro a paz de Cristo
Te abençoo, meu irmão

Preciosa é a nossa comunhão

Somos corpo
E assim, bem ajustados

Totalmente ligados
Unidos, vivendo em amor

Uma família
Sem qualquer falsidade

Vivendo a verdade
Expressando a glória do Senhor

Uma família 
vivendo o compromisso

Do grande amor de Cristo

Eu preciso de Ti
Querido irmão

Precioso és para mim
Querido irmão

Não quero viver
Para mim mesmo

Eu quero servir
E o amar, irmão

Compartilhar e dividir
Tudo que tenho com você

O meu amor
Meu coração

Meu lar e até o pão

O amor é maior
E em Jesus

Eu e você somos um

Eu quero ser uma 
bênção pra você

O aceitando assim, como é

Pois a vontade de Deus
Revelada em Jesus

É que sejamos um

Eu quero ser uma 
bênção pra você

Em compromisso 
e dedicação

O amor é dom de Deus
Pra sempre, vou dizer

Em Jesus
eu amo você

Deus 
sara esta nação

Com o Teu poder
Com o óleo da Tua unção

Deus 
sara esta nação

Com o Teu poder
Com o óleo da Tua unção","",""
"050908f0-2e60-4a7e-b36c-fb476e5552df","ae125cfd-96ef-4324-b1f0-f96a4f34eecf","Ele é Exaltado","Comunidade da Graça","ativo","2026-08-17T16:53:49.704821+00:00","Ele é exaltado
O Rei exaltado 

Nos céus
Eu louvarei

Ele é exaltado
Pra sempre exaltado

O Seu nome
Louvarei

Ele é o Senhor

Sua verdade
Vai sempre reinar

Terra e céus glorificam
Seu Santo nome

Ele é exaltado
O Rei é exaltado

Nos céus

Ele é exaltado","","1593040272878"
"20948211-6451-49cf-83db-d3d749d1e169","ae125cfd-96ef-4324-b1f0-f96a4f34eecf","Em Teus Braços","Laura Souguellis","ativo","2026-08-17T16:53:49.875837+00:00","Seguro estou
Nos braços

Daquele que nunca
Me deixou

Seu amor perfeito
Sempre esteve

Repousado em mim

E se eu passar
Pelo vale

Acharei conforto
Em Teu amor

Pois eu sei 
Que és aquele

Que me guardas

Me guardas

Em Teus braços 
É meu descanso

Seguro estou
Nos braços

Daquele que nunca
Me deixou

Seu amor perfeito
Sempre esteve

Repousado em mim

E se eu passar
Pelo vale

Acharei conforto
Em Teu amor

Pois eu sei 
Que és aquele

Que me guardas

Me guardas

Em Teus braços é
Meu descanso

Recaio em Tua graça

Recaio de novo
Em Tuas mãos

O toque mais puro
O amor mais seguro
Do mundo","","1598480937965"
"8e9c0eaa-50bf-487a-9aa8-b8fb86e0c013","ae125cfd-96ef-4324-b1f0-f96a4f34eecf","Eu Te Vejo Em Tudo","Casa Worship","ativo","2026-08-17T16:53:51.032234+00:00","Eu Te vejo
Em tudo

Na formação 
Das nuvens 
Tem Você

Ouço o
Seu sussurro

Na brisa que 
Vem do 
Amanhecer

Na dança 
Do mar

Ouço a Sua voz
Ecoar

E ao Seu soprar

Posso ver criar
A vida

Eu Te vejo
Em tudo

Na formação
Das nuvens 
Tem Você

Ouço o
Seu sussurro

Na brisa que
Vem do 
Amanhecer

Na dança 
Do mar

Ouço a Sua voz
Ecoar

E ao Teu soprar

Posso ver criar
A vida

Aleluia

Toda criação
A cantar

Aleluia

Toda criação
Te louva

Aleluia

Toda criação
A cantar

Aleluia

Toda criação
Te louva

Tudo que eu vejo

Me faz lembrar
Você

Do menor ao maior

Me faz lembrar
Você

Tudo o que
Eu sinto 

O ar que 
Eu respiro

Só penso em Você
Oh, aleluia

Tudo que eu vejo

Me faz lembrar
Você

Do menor ao maior

Me faz lembrar
Você

Tudo o que
Eu sinto

O ar que 
Eu respiro

Só penso em Você
Oh, aleluia

Aleluia

Toda criação
A cantar

Aleluia

Toda criação
Te louva","","1613332340865"
"6e1b10cf-91fc-408a-a74d-cbf060e5ec12","ae125cfd-96ef-4324-b1f0-f96a4f34eecf","Te Esperamos","Salvaon","ativo","2026-08-17T16:53:56.097701+00:00","A luz do Sol 
Se apagou

O amor se entregou
Naquela cruz

A morte não 
Pode entender

Como Ele pode vencer
Aquela cruz

A luz do Sol 
Se apagou

O amor se entregou
Naquela cruz

A morte não 
Pode entender

Como Ele pode vencer
Aquela cruz

Mas ao terceiro dia
O amor se levantou

Da morte ressurgiu
Pra sempre

Estamos reunidos
Levantamos nossas mãos

Cantamos aleluia

Mas ao terceiro dia
O amor se levantou

Da morte ressurgiu
Pra sempre

Estamos reunidos
Levantamos nossas mãos

Cantamos aleluia

Ele venceu a morte
Ressuscitou em glória

Ele vem
Te esperamos

Ele venceu a morte
Ressuscitou em glória

Ele vem
Te esperamos

A luz do Sol 
Se apagou

O amor se entregou
Naquela cruz

A morte não 
Pode entender

Como Ele pode vencer
Aquela cruz

Mas ao terceiro dia
O amor se levantou

Da morte ressurgiu
Pra sempre

Estamos reunidos
Levantamos nossas mãos

Cantamos aleluia

Mas ao terceiro dia
O amor se levantou

Da morte ressurgiu
Pra sempre

Estamos reunidos
Levantamos nossas mãos

Cantamos aleluia

Ele venceu a morte
Ressuscitou em glória

Ele vem
Te esperamos

Ele venceu a morte
Ressuscitou em glória

Ele vem
Te esperamos

Maranata
Ora vem, Jesus

Maranata
Ora vem, Jesus

Maranata
Ora vem, Jesus

Maranata
Ora vem, Jesus

Ele venceu a morte
Ressuscitou em glória

Ele vem
Te esperamos

Ele venceu a morte
Ressuscitou em glória

Ele vem
Te esperamos

Ele venceu a morte
Ressuscitou em glória

Ele vem
Te esperamos

Ele venceu a morte
Ressuscitou em glória

Ele vem
Te esperamos

Ele venceu a morte
Ressuscitou em glória

Ele vem
Te esperamos

Ele venceu a morte
Ressuscitou em glória

Ele vem
Te esperamos","","1786614815132"
"0bd933cb-3b6b-4246-b245-fe37c4733dcc","ae125cfd-96ef-4324-b1f0-f96a4f34eecf","Teu Amor Não Falha","Nívea Soares","ativo","2026-08-17T16:53:56.249251+00:00","Nada vai 
Me separar

Mesmo se 
Eu me abalar

Teu amor 
Não falha

Mesmo sem 
Merecer

Tua graça 
Se derrama 
Sobre mim

Teu amor 
Não falha

Tu és o mesmo
Pra sempre

Teu amor 
Não muda

Se o choro dura
Uma noite

A alegria vem 
Pela manhã

Se o mar
Se enfurecer

Eu não tenho
O que temer

Porque eu sei
Que me amas

Teu amor 
Não falha

Se o vento 
É forte

E profundo 
O mar

Tua presença
Vem me amparar

Teu amor 
Não falha

Difícil é o caminhar

Nunca pensei 
Que eu fosse 
Alcançar

Teu amor 
Não falha

Tu és o mesmo
Pra sempre

Teu amor 
Não muda

Se o choro dura
Uma noite

A alegria vem 
Pela manhã

Se o mar
Se enfurecer

Eu não tenho
O que temer

Porque eu sei
Que me amas

Teu amor 
Não falha

Tu fazes 
Que tudo

Coopere para 
O meu bem

Tu és o mesmo
Pra sempre

Teu amor 
Não muda 

Se o choro dura
Uma noite

A alegria vem 
Pela manhã

Se o mar
Se enfurecer

Eu não tenho
O que temer

Porque eu sei
Que me amas

Teu amor 
Não falha","","1590959104562"
"a104cc0a-7d4f-4924-9306-7441b8240ada","ae125cfd-96ef-4324-b1f0-f96a4f34eecf","Eu Navegarei","Gabriela Rocha","ativo","2026-08-17T16:53:50.809165+00:00","Eu navegarei

No oceano 
Do Espírito

E ali adorarei

Ao Deus do 
Meu amor

Eu adorarei

Ao Deus da 
Minha vida

Que me 
Compreendeu

Sem nenhuma 
Explicação

Espírito
Espírito

Que desce 
Como fogo

Vem Como em 
Pentecostes

E enche-me 
De novo

Espírito
Espírito

Que desce 
Como fogo

Vem Como em 
Pentecostes

E enche-me 
De novo

Eu navegarei

No oceano 
Do Espírito

E ali adorarei

Ao Deus do 
Meu amor

Eu adorarei

Ao Deus da 
Minha vida

Que me 
Compreendeu

Sem nenhuma 
Explicação

Espírito
Espírito

Que desce 
Como fogo

Vem Como em 
Pentecostes

E enche-me 
De novo

Espírito
Espírito

Que desce 
Como fogo

Vem Como em 
Pentecostes

E enche-me 
De novo

 

Espírito
Espírito

Que desce 
Como fogo

Vem Como em 
Pentecostes

E enche-me 
De novo

Espírito
Espírito

Que desce 
Como fogo

Vem Como em 
Pentecostes

E enche-me 
De novo","","1592765885487"
"f136fb97-050f-4d95-b8d1-44493e6535dd","ae125cfd-96ef-4324-b1f0-f96a4f34eecf","Vem Cantar Louvores","Brás Adoração  ","ativo","2026-08-17T16:53:56.966603+00:00","Se tudo está difícil, louve a Deus
Se está desesperado, louve a Deus
Se o mar está na frente, louve a Deus
Quando louvamos, Deus se comove

Se já não tem mais jeito, louve a Deus
Perdeu a esperança, louve a Deus
Eu quero relembrar-te, meu irmão
Que o nosso Deus ainda faz milagre

Vem cantar louvores ao Senhor
Antes de atravessar o mar
Porque hoje o mar vai se abrir
E você vai passar

Vem cantar louvores ao Senhor
Antes de atravessar o mar
Porque hoje o mar vai se abrir
E você vai passar

Tudo o que acontece é pela fé
No reino de Deus é sempre assim
Quem tem fé, avança sem parar
Sabe que sua prova está no fim

Vem profetizar seu amanhã
Venha sobre as águas caminhar
Venha pela fé agradecer
Tudo o que o Senhor irá te dar

Vem cantar louvores ao Senhor
Antes de atravessar o mar
Porque hoje o mar vai se abrir
E você vai passar

Vem cantar louvores ao Senhor
Antes de atravessar o mar
Porque hoje o mar vai se abrir
E você vai passar

Vem cantar louvores ao Senhor
Antes de atravessar o mar
Porque hoje o mar vai se abrir
E você vai passar
E você vai passar
E você vai passar","","1786979220496"
"227b1261-623d-4979-b962-a0ffadf8bee2","ae125cfd-96ef-4324-b1f0-f96a4f34eecf","Ele Vem / O Rei Está Voltando","Gabriel Guedes","ativo","2026-08-17T16:53:49.787219+00:00","Eu não vou 
Me apegar

Com as coisas 
Daqui

Pois eu sei 
Há um lugar

Que me espera

Estrangeiro 
Eu sou 

O meu lar 
É o céu

Meu Jesus

Vem buscar 
A Sua Noiva

Ele virá
Num piscar 
De olhar

Quem estiver 
Pronto com 
Ele irá

Na Sua Glória 
Com Ele morar

Ele vem
Ele vem

Não mais tristeza 
Não mais temor

Junto com 
Os anjos
Cantar eu vou

Digno é o 
Cordeiro 
Que Se entregou

Ele vem
Ele vem

Eu não vou 
Me apegar

Com as coisas 
Daqui

Pois eu sei 
Há um lugar

Que me espera

Estrangeiro 
Eu sou 

O meu lar 
É o céu

Meu Jesus 

Vem buscar a 
Sua Noiva

Ele virá
Num piscar 
De olhar

Quem estiver 
Pronto com 
Ele irá

Na Sua Glória 
Com Ele morar

Ele vem
Ele vem

Não mais tristeza
Não mais temor

Junto com 
Os anjos 
Cantar eu vou

Digno é o 
Cordeiro 
Que Se entregou

Ele vem
Ele vem

Tu és Senhor 
O nosso Deus

Digno Tu és 
De receber

Todo louvor 
Vamos clamar

Então vem 
Então vem 

Tu és Senhor 
O nosso Deus

Digno Tu és 
De receber

Todo louvor 
Vamos clamar

Então vem
Então vem 

Tu és Senhor 
O nosso Deus

Digno Tu és 
De receber

Todo louvor 
Vamos clamar

Então vem
Então vem 

Tu és Senhor 
O nosso Deus

Digno Tu és 
De receber

Todo louvor 
Vamos clamar

Então vem
Então vem 

Tu és Senhor 
O nosso Deus

Digno Tu és 
De receber

Todo louvor 
Vamos clamar

Então vem 
Então vem 

Ele virá num 
Piscar de olhar

Quem estiver 
Pronto com 
Ele irá

Na Sua Glória 
Com Ele morar

Ele vem 
Ele vem

Não mais tristeza
Não mais temor

Junto com 
Os anjos 
Cantar eu vou

Digno é o 
Cordeiro 
Que Se entregou

Ele vem 
Ele vem 

Tu és Senhor 
O nosso Deus

Digno Tu és 
De receber

Todo louvor 
Vamos clamar 

Então vem 
Então vem 

Tu és Senhor 
O nosso Deus

Digno Tu és 
De receber

Todo louvor 
Vamos clamar 

Então vem 
Então vem 

O Rei 
Está voltando

O Rei 
Está voltando

A trombeta 
Está soando

O meu nome 
Irá chamar

Sim o Rei 
Está voltando

O Rei 
Está voltando

Aleluia 
Ele vem 
Me buscar

O Rei 
Está voltando

O Rei 
Está voltando

A trombeta 
Está soando

O meu nome 
Irá chamar

O Rei 
Está voltando

O Rei 
Está voltando

Aleluia 
Ele vem 
Me buscar

O Rei 
Está voltando

O Rei 
Está voltando

A trombeta 
Está soando

O meu nome 
Irá chamar

O Rei 
Está voltando

O Rei 
Está voltando

A trombeta 
Está soando

O meu nome 
Irá chamar

O Rei 
Está voltando

Aleluia 
Ele vem 
Me buscar","","1601759146110"
"3115d4b2-2fde-49f2-b9d2-fe1fe16c27e0","ae125cfd-96ef-4324-b1f0-f96a4f34eecf","Hosana","Hillsong Em Português","ativo","2026-08-17T16:53:52.029027+00:00","Eu vejo o Rei da glória
Vindo com o Seu poder

A Terra vai estremecer

Eu vejo Sua graça

Os pecados perdoar
A Terra vai então cantar

Hosana, Hosana
Hosana nas alturas

Hosana, Hosana
Hosana nas alturas

Eu vejo um povo
Eleito assumindo o seu lugar

Pra sua fé compartilhar

Eu vejo o avivamento
Quando o Teu povo orar

E Te buscar
E Te buscar

Hosana, Hosana
Hosana nas alturas

Hosana, Hosana

Hosana nas alturas

Limpa o meu coração
Abre os meus olhos

Pra que eu possa ver

Com o amor que tens por mim
Te amo

Quero ser igual a Ti
Tudo o que sou
É pra Teu louvor

Pois Contigo
Vou viver pra sempre

Hosana, Hosana
Hosana nas alturas

Hosana, Hosana
Hosana nas alturas

Hosana, Hosana
Hosana nas alturas","","1636836025546"
"84961981-91b3-4183-8e94-0cc4a286951f","ae125cfd-96ef-4324-b1f0-f96a4f34eecf","Veja (Canta Minh'Alma)","Hillsong em Português","ativo","2026-08-17T16:53:48.037992+00:00","Veja o amor do Pai

Mistério que não posso entender

Quão grande é o Seu amor

E o quanto nos deseja

As coisas deste mundo
Não são nada diante dEle

Pai infalível
O que se compara a Ti?

Veja o Filho de Deus

Leão e o Cordeiro dado a nós

O Verbo se encarnou
Salvador da minha alma

Sofreu por tanto
Amar a humanidade

Em Seu sangue há salvação

Jesus Messias

O Justo se entregou

Não foi o fim,
Ele ressuscitou

Canta minh'alma
Canta minh'alma

Que amor tão grande
Que amor tão grande

Canta minh'alma
Canta minh'alma

Que amor tão grande
Que amor tão grande

Que grande amor.

Veja comigo está

O Espírito 
Queimando em meu ser

Amigo e Protetor
Que me leva à verdade

Traz luz ao meu 
Perdido coração

Até meu tempo aqui findar

Oh Santo Espírito
Teu Reino quero ver

Oh Santo Espírito
Faz em mim o Teu querer

Canta minh'alma
Canta minh'alma

Que amor tão grande
Que amor tão grande

Canta minh'alma
Canta minh'alma

Que amor tão grande
Que amor tão grande

Canta minh'alma
Canta minh'alma

Que amor tão grande
Que amor tão grande

Que grande amor 

Meu Deus
O que era e que virá

Ele é fiel
E Sua promessa cumprirá

Do céu em nuvens descerá

Em meio ao som
De louvores voltará

Veja O Senhor
Ao lar nos levará","","1771789186695"
"67c731a2-4cd2-49d1-8b5d-c8b7d7a62253","ae125cfd-96ef-4324-b1f0-f96a4f34eecf","Eu Sou Teu","Gabriela Rocha","ativo","2026-08-17T16:53:50.885158+00:00","Eis me aqui
Senhor

Buscando Tua 
Verdade e amor

Eu vim neste 
Lugar

Tua graça 
Encontrar

Por Tua causa
Livre sou

A minha vida
A Ti eu dou

Me coloco em
Tuas mãos

E ergo minha voz
Pois liberto sou

O Teu nome 
Bendirei

E bem alto 
Clamarei

Que eu sou Teu
Eu sou Teu

Por tudo que
Fizeste a mim

Levanto minhas
Mãos a Ti

És o único
A quem adorarei

Eu vou compartilhar
O amor

Ser Tua luz
Por onde eu for

Eu me prostro
Aos Teus pés

E ergo minhas 
Mãos

Pois liberto sou

O Teu nome 
Bendirei

E bem alto 
Clamarei

Que eu sou Teu
Eu sou Teu

Tudo que sou está 

Em Tuas mãos 
De amor

E eu sou Teu
Eu sou Teu

Eis me aqui
Com os braços
Bem abertos

Criador
Redentor

Tu és o eterno
Deus

Eis me aqui
Com os braços
Bem abertos

Criador
Redentor

Tu és o eterno
Deus

O Teu nome 
Bendirei

E bem alto 
Clamarei

Que eu sou Teu
Eu sou Teu

Tudo que sou está 

Em Tuas mãos 
De amor

E eu sou Teu
Eu sou Teu

O Teu nome 
Bendirei

E bem alto 
Clamarei

Que Eu sou Teu
Eu sou Teu

Tudo que sou está

Em Tuas mãos 
De amor

E eu sou Teu
Eu sou Teu

Eis me aqui
Com os braços
Bem abertos

Criador
Redentor

Tu és o eterno
Deus","","1607282975394"
"38575729-242e-45a7-816f-13ca9f9e96f6","ae125cfd-96ef-4324-b1f0-f96a4f34eecf","Estamos de Pé","Marcus Salles","ativo","2026-08-17T16:53:50.317036+00:00","Pressionados

Mas não 
Desanimados

Perplexos

Mas não 
Desesperados

Estamos de pé

Perseguidos

Mas não 
Abandonados

Abatidos

Mas não 
Destruídos

Estamos de pé

Não caminhamos
Pelo que vemos

O que nos move

É o que 
Nós cremos

Nação santa
Somos a igreja

Vivemos por fé
Estamos de pé

Perseguidos

Mas não 
Abandonados

Abatidos

Mas não 
Destruídos

Estamos de pé

Não caminhamos
Pelo que vemos

O que nos move

É o que 
Nós cremos

Nação santa
Somos a igreja

Vivemos por fé
Estamos de pé

A perseguição
Não parou 
A igreja

O coliseu não
Parou a igreja

Os leões 
Não pararam

A igreja 
Do Senhor

O inferno não 
Pode prevalecer

Vamos avançar
Não vamos parar 
De crescer

Ninguém 
Pode parar

A igreja 
Do Senhor

A perseguição
Não parou 
A igreja

O coliseu não 
Parou a igreja

Os leões 
Não pararam

A igreja 
Do Senhor

O inferno não 
Pode prevalecer

Vamos avançar 
Não vamos parar 
De crescer

Ninguém 
Pode parar 

A igreja 
Do Senhor

Não caminhamos 
Pelo que vemos

O que nos move 

É o que 
Nós cremos

Nação santa 
Somos a igreja

Vivemos por fé
Estamos de pé

A perseguição 
Não parou 
A igreja

O coliseu não 
Parou a igreja

Os leões 
Não pararam 

A igreja 
Do Senhor

O inferno não 
Pode prevalecer

Vamos avançar 
Não vamos parar 
De crescer

Ninguém 
Pode parar 

A igreja 
Do Senhor

A perseguição 
Não parou a igreja

O coliseu não 
Parou a igreja

Os leões 
Não pararam 

A igreja 
Do Senhor

O inferno 
Não pode 
Prevalecer

Vamos avançar 
Não vamos parar 
De crescer

Ninguém 
Pode parar 

A igreja 
Do Senhor","","1665236931861"
"d9e6fd6b-19d8-4c33-9e87-fef700652b5a","ae125cfd-96ef-4324-b1f0-f96a4f34eecf","Eu Vou Construir / Oh Quão Lindo Esse Nome É","Gabi Sampaio","ativo","2026-08-17T16:53:51.100147+00:00","Digno desta canção 

Só Tu és
Senhor

Digno do 
Meu louvor 

Só Tu és
Senhor

Digno da 
Minha vida 

Tu és
Senhor

Oh
Eu sou Teu

Nome que 
É sobre todos 
É o Teu Jesus

Fonte da 
Salvação

Só Tu és
Jesus

Digno da 
Minha vida 

Tu és
Jesus

Oh
Eu sou Teu

Santo
És incomparável
És inigualável

Abre os 
Meus olhos 
Senhor

Mostra quem 
Tu és

E enche o 
Meu coração

Do amor que faz 
Mudar o mundo

Digno desta 
Canção 

Só Tu és
Senhor

Digno do 
Meu louvor 

Só Tu és
Senhor

Digno da 
Minha vida 

Tu és
Senhor

Oh
Eu sou Teu

Nome que 
É sobre todos 
É o Teu Jesus

Fonte da 
Salvação

Só Tu és
Jesus

Digno da 
Minha vida 

Tu és
Jesus

Oh
Eu sou Teu

Santo
És incomparável
És inigualável

Abre os 
Meus olhos 
Senhor

Mostra quem 
Tu és

E enche o 
Meu coração

Do amor que faz 
Mudar o mundo

Santo
És incomparável
És inigualável

Abre os 
Meus olhos 
Senhor

Mostra quem 
Tu és

E enche o 
Meu coração

Do amor que faz 
Mudar o mundo

Eu vou construir 
Minha vida Em Ti 

Tu és meu 
Fundamento

Eu vou confiar 
Somente em Ti 

Não vou ser abalado

Eu vou construir 
Minha vida em Ti

Tu és meu 
Fundamento

Eu vou confiar 
Somente em Ti 

Não vou ser abalado

Santo
És incomparável
És inigualável

Abre os 
Meus olhos 
Senhor

Mostra quem 
Tu és 

E enche o 
Meu coração

Do amor que faz 
Mudar o mundo

Santo
És incomparável
És inigualável

Abre os 
Meus olhos 
Senhor

Mostra quem 
Tu és

E enche o 
Meu coração

Do amor que faz 
Mudar o mundo

Eu vou construir 
Minha vida 
Em Ti

Tu és meu 
Fundamento

Eu vou confiar 
Somente em Ti

Não vou ser 
Abalado

A morte venceste 

O véu 
Tu rompeste

A tumba vazia 
Agora está

O céu Te adora

Proclama 
Tua glória

Pois ressuscitaste 
E vivo está

És invencível 
Inigualável

Hoje e pra sempre 
Reinarás

Teu é o reino 
Tua é a glória

Acima de todo 
Nome estás

Poderoso esse 
Nome é

O nome de Jesus 
Meu Rei

Poderoso esse 
Nome é

Mais forte 
Que tudo é

Poderoso esse 
Nome é

O nome de Jesus","","1659901935988"
"46c84636-9fe4-4389-bec2-a46232b2b22e","ae125cfd-96ef-4324-b1f0-f96a4f34eecf","Meu Lugar é Aqui","Altomonte","ativo","2026-08-17T16:53:52.99342+00:00","De coração 
Pra coração

Faço dos 
Meus dias

Oferta de amor

Meus olhos não
Te deixam

Permanecem 
Em Ti

Na Tua beleza

Meu lábios
Não se cansam

De dizer 
O quanto

O quanto 
Eu Te amo

Em Ti 
Meu refúgio

Em Ti 
Toda esperança

Em Ti 
Meu destino

Em Ti 
Meu motivo

Em Ti

Meu lugar é aqui
Aos Teus pés

Tudo que 
Tenho é Teu

Tudo que 
Tenho é Teu

Tua casa sou eu
Deus meu

Faze de mim 
O Teu lar

Faze de mim 
O Teu lar

De coração 
Pra coração

Faço dos 
Meus dias

Oferta de amor

Meus olhos não
Te deixam

Permanecem 
Em Ti

Na Tua beleza

Meu lábios
Não se cansam

De dizer 
O quanto

O quanto 
Eu Te amo

Em Ti 
Meu refúgio

Em Ti 
Toda esperança

Em Ti 
Meu destino

Em Ti 
Meu motivo

Em Ti

Meu lugar é aqui
Aos Teus pés

Tudo que 
Tenho é Teu

Tudo que 
Tenho é Teu

Tua casa sou eu
Deus meu

Faze de mim 
O Teu lar

Faze de mim 
O Teu lar

Meu lugar é aqui
Aos Teus pés

Tudo que 
Tenho é Teu

Tudo que 
Tenho é Teu

Tua casa sou eu
Deus meu 

Faze de mim 
O Teu lar

Faze de mim 
O Teu lar

Em Ti 
Meu refúgio

Em Ti 
Toda esperança

Em Ti 
Meu destino

Em Ti 
Meu motivo

Em Ti

Meu lugar é aqui
Aos Teus pés

Tudo que 
Tenho é Teu

Tudo que 
Tenho é Teu

Tua casa sou eu
Deus meu 

Faze de mim 
O Teu lar

Faze de mim 
O Teu lar","","1647806197556"
"eb788a66-a5e7-47bb-939f-8a00c953d905","ae125cfd-96ef-4324-b1f0-f96a4f34eecf","Nada É Impossível","Quatro Por Um","ativo","2026-08-17T16:53:53.243133+00:00","Em Ti eu 
Tudo posso

Não há limites

Minha força 
Está em Ti

Nada é impossível

Em Ti olhos 
Se abrem

Muralhas caem

Estou vivendo 
Pela fé

Nada é impossível

Eu não vou viver 
Pelo que vejo

Eu não vou viver 
Pelo que sinto

Eu sei que comigo 
Sempre estás

E tudo podes 
Realizar

Em Ti eu 
Tudo posso

Não há limites

Minha força 
Está em Ti

Nada é impossível

Em Ti olhos 
Se abrem

Muralhas caem

Estou vivendo 
Pela fé

Nada é impossível

Eu não vou viver 
Pelo que vejo

Eu não vou viver 
Pelo que sinto

Eu sei que comigo 
Sempre estás

E tudo podes 
Realizar

Em Ti eu 
Tudo posso

Não há limites

Minha força 
Está em Ti

Nada é impossível

Em Ti olhos 
Se abrem

Muralhas caem

Estou vivendo 
Pela fé

Nada é impossível

Creio em Ti
Creio em Ti

Creio em Ti
Creio em Ti
Jesus

Creio em Ti
Creio em Ti

Creio em Ti
Creio em Ti
Jesus

Em Ti eu 
Tudo posso

Não há limites

Minha força 
Está em Ti

Nada é impossível

Em Ti olhos 
Se abrem

Muralhas caem

Estou vivendo 
Pela fé

Nada é impossível

Creio em Ti
Creio em Ti

Creio em Ti
Creio em Ti
Jesus

Creio em Ti
Creio em Ti

Creio em Ti
Creio em Ti
Jesus

Eu creio","","1685908340106"
"bee4e66f-358d-430d-a095-cd7273432c90","ae125cfd-96ef-4324-b1f0-f96a4f34eecf","Graça","","ativo","2026-08-17T16:53:51.492817+00:00","Quem vence 
As trevas
E o pecado

E o Seu amor
É poderoso

O Rei da glória
Maravilhoso Jesus

Estremece a 
Terra como 
Um trovão

E extasiado e
Eu o adoro

O Rei da glória
Maravilhoso Jesus

Incrível graça 
De Deus

O Seu amor 
Não falha

Tomou o 
Meu lugar

Levando a 
Minha cruz

Entregou Sua vida

Pra que eu 
Fosse livre

Oh Oh

Jesus eu canto
Pelo que fez 
Por mim

Quem 
Traz o caos
De volta à ordem

Quem faz 
De órfãos
Filhos e filhas

O Rei da glória
Maravilhoso Jesus

Ele governa
Com retidão

E brilha como 
O sol em esplendor

O Rei da glória
Maravilhoso Jesus

Incrível 
Graça de Deus

O Seu amor 
Não falha

Tomou o 
Meu lugar

Levando a 
Minha cruz

Entregou Sua vida

Pra que 
Eu fosse livre

Oh Oh

Jesus eu canto
Pelo que fez 
Por mim

Que Rei deixaria
Seu trono

Pra morrer
Em meu lugar

Que Rei deixaria
Seu trono

Pra morrer
Em meu lugar

Que Rei deixaria
Seu trono

Pra morrer
Em meu lugar

Essa é a 
Graça de Deus

Graça de Deus

Graça de Deus

Graça de Deus

Incrível 
Graça de Deus

O Seu amor 
Não falha

Tomou o 
Meu lugar

Levando a 
Minha cruz

Entregou Sua vida

Pra que 
Eu fosse livre

Oh Oh

Jesus eu canto
Pelo que fez 
Por mim

Oh Oh","",""
"5b86681f-8749-4ef5-8e82-7c366d058e95","ae125cfd-96ef-4324-b1f0-f96a4f34eecf","Grato Sou","DROPS","ativo","2026-08-17T16:53:51.779619+00:00","Perdido na escuridão
Buscando por proteção

Minh'alma cansada
Desfaleceu

Com minha força tentei
Mas não consegui vencer

Eu estou caindo, desanimei

E quando a estrada terminou
Jesus a mim se revelou

E me falou que
Sozinho eu não estou

Me levantou
Me transformou

Meus pés na rocha
Ele colocou

Graças ao Mestre
Meu Salvador

Meu coração curou
Meu nome trocou

Liberto fui
O mesmo eu não sou

Graças ao Mestre
Meu Salvador, grato sou

Não posso negar o que vi
A minha escolha é crer

Como cinzas ao vento
Minhas dúvidas se vão

E eu abandonarei
Os fardos que carreguei

Vou prosseguir
Não volto atrás

Agora e sempre eu cantarei

Da salvação que
Em Cristo achei

Perdido estava
O caminho encontrei

O inferno perdeu mais um
Livre sou, livre sou, livre sou","","1768764974454"
"7874674c-a58e-440c-b7de-66323cb4dd50","ae125cfd-96ef-4324-b1f0-f96a4f34eecf","Me Atraiu","Gabriela Rocha","ativo","2026-08-17T16:53:52.76096+00:00","Eu poderia estar

Em qualquer 
Outro lugar

Mas Tua glória 
Me atraiu

Tua presença 
Me atraiu

Tentei me esconder

Por medo 
De não viver

Mas Tua glória 
Me atraiu

Tua presença 
Me atraiu

É que a sarça 
Pegou fogo e 
Não se consumiu

E a voz que 
Saiu dela um 
Dia me atraiu

E o meu coração 
Queimou até 
Que descobriu

Que um dia 
Com Tua glória 
Vale mais que mil

É que a sarça 
Pegou fogo e 
Não se consumiu

E a voz que 
Saiu dela um 
Dia me atraiu

E o meu coração 
Queimou até 
Que descobriu

Que um dia 
Com Tua glória

Um dia com 
Tua glória 
Vale mais que mil

Eu poderia estar

Em qualquer 
Outro lugar

Mas Tua glória 
Me atraiu

Tua presença 
Me atraiu

Tentei me esconder

Com medo 
De não viver

Mas Tua glória 
Me atraiu

Tua presença 
Me atraiu

É que a sarça 
Pegou fogo e 
Não se consumiu

E a voz que 
Saiu dela um 
Dia me atraiu

E o meu coração 
Queimou até 
Que descobriu

Que um dia 
Com Tua glória 
Vale mais que mil

É que a sarça 
Pegou fogo e 
Não se consumiu

E a voz que 
Saiu dela um 
Dia me atraiu

E o meu coração 
Queimou até 
Que descobriu

Que um dia 
Com Tua glória

Um dia com 
Tua glória 
Vale mais que mil

Atraído pela 
Tua presença

Não me vejo 
Sem a Tua 
Presença 

Atraído pela 
Tua presença

Não me cansarei 
Da Tua presença 

Atraído pela 
Tua presença

Não me vejo 
Sem a Tua presença

Atraído pela 
Tua presença

Não me cansarei

É que a sarça 
Pegou fogo e 
Não se consumiu

E a voz que 
Saiu dela um 
Dia me atraiu

E o meu coração 
Queimou até 
Que descobriu

Que um dia 
Com Tua glória 

Que a sarça 
Pegou fogo e 
Não se consumiu

E a voz que 
Saiu dela um 
Dia me atraiu

E o meu coração 
Queimou até 
Que descobriu

Que um dia 
Com Tua glória

Um dia com 
Tua glória 
Vale mais que mil

Essa chama não 
Se apaga e 
Não se apagará","","1690664599448"
"c9b68c25-21f4-4838-91f4-ec038fe33cf1","ae125cfd-96ef-4324-b1f0-f96a4f34eecf","Meus Votos","MORADA","ativo","2026-08-17T16:53:53.097552+00:00","Tudo está pronto
Mesa, pão e vinho

Lâmpadas acesas
Ele vem, Ele vem

Já é quase hora
Ainda estou queimando

Óleo protegido
Ele vem, Ele vem

Eu não vejo a hora
De Te encontrar

Eu não vejo a hora
De Te abraçar

Eu não vejo a hora
De alguém gritar:

O Noivo vem

Eu não vejo a hora
De Te encontrar

Eu não vejo a hora
De Te abraçar

Eu não vejo a hora
De alguém gritar

O Noivo vem

Olha, mas quem vem lá
Saltando pelos montes?

Oh, olha, mas quem vem lá?
É o meu amado

Olha, mas quem vem lá
Saltando pelos montes?

Oh, olha, mas quem vem lá?
É o meu amado

Olha, mas quem vem lá
Saltando pelos montes?

Oh, olha, mas quem vem lá?
É o meu amado

Olha, mas quem vem lá
Saltando pelos montes?

Oh, olha, mas quem vem lá?
É o meu amado

Na alegria ou na tristeza
(Contigo estarei)

Na saúde ou na doença
(Não Te deixarei)

No dia bom, ou dia mal
Independente do final

Contigo estarei
Não Te deixarei

Na alegria ou na tristeza
(Contigo estarei)

Na saúde ou na doença
(Não Te deixarei)

No dia bom, ou dia mal
Independente do final

Contigo estarei
Não Te deixarei

Na alegria ou na tristeza
(Contigo estarei)

Na saúde ou na doença
(Não Te deixarei)

No dia bom, ou dia mal
Independente do final

Contigo estarei
Não Te deixarei

Eu Te amo e vou gritar
Pro mundo inteiro ouvir

Te amo, Te amo, Te amo

Eu Te amo e vou gritar
Pro mundo inteiro ouvir

Te amo, Te amo, Te amo

Eu Te amo e vou gritar
Pro mundo inteiro ouvir

Te amo, Te amo, Te amo

Eu Te amo e vou gritar
Pro mundo inteiro ouvir

Te amo, Te amo, Te amo

Eu não vejo a hora
De Te encontrar

Eu não vejo a hora
De Te abraçar

Eu não vejo a hora
De alguém gritar:

O Noivo vem

Eu não vejo a hora
De Te encontrar

Eu não vejo a hora
De Te abraçar

Eu não vejo a hora
De alguém gritar:

O Noivo vem","","1774111359519"
"3c9120d2-17b3-4c8a-a1b9-0f5ac3c38edf","ae125cfd-96ef-4324-b1f0-f96a4f34eecf","Jesus, o Plano Perfeito","Renascer Praise","ativo","2026-08-17T16:53:53.966337+00:00","Um plano 
Pra salvar

Um pacto 
Pra selar

Silêncio no céu

Resgate e 
Salvação

Encheu 
Seu coração

Ele nem hesitou

No palco 
Do amor
O autor anunciou

A vida e 
Salvação

Tudo que Ele fez
Foi obedecer

O plano que 
Deus escreveu

E quando
A minha história

Parecia ter
Chegado ao fim

A Sua graça
Me alcançou

E quando tudo
Parecia estar 
Perdido

Naquela cruz

O Seu sangue
Me libertou

Jesus
O plano perfeito
Mistério da graça 

Que me 
Transformou

O Seu nome 
É Jesus

Nome sobre 
Todos

Veio pra salvar
Ele me salvou

Um plano 
Pra salvar

Um pacto 
Pra selar

Silêncio no céu

Resgate e 
Salvação

Encheu 
Seu coração

Ele nem hesitou

No palco 
Do amor
O autor anunciou

A vida e 
Salvação

Tudo que Ele fez
Foi obedecer

O plano que 
Deus escreveu

E quando
A minha história

Parecia ter
Chegado ao fim

A Sua graça
Me alcançou

E quando tudo
Parecia estar 
Perdido

Naquela cruz
O Seu sangue 
Me libertou

Me libertou

Jesus
O plano perfeito

Mistério da graça

Que me 
Transformou

O Seu nome 
É Jesus

Nome sobre 
Todos

Veio pra salvar
Ele me salvou

Te adoramos 
Te adoramos","","1590338959897"
"e6b64762-574a-48a1-9db9-0b518a1cc054","ae125cfd-96ef-4324-b1f0-f96a4f34eecf","Isaías 6","Morada","ativo","2026-08-17T16:53:52.238001+00:00","Eu vi o Senhor 

Sentado num alto 
E sublime trono

E a orla de Suas 
Vestes enchiam O templo 

Enquanto anjos 
Voavam sobre Você

Com duas asas 
Cobriam Seu rosto

Com outras duas 
Cobriam Seus pés

Cantavam uma Canção 
Uns Para os outros

Santo é você
Santo é você 

Com duas asas 
Cobriam Seu rosto

Com outras duas 
Cobriam Seus pés

Cantavam uma Canção 
Uns Para os outros

Santo é você
Santo é você 

Que toda Terra 
Se encha com a Sua Glória

Que toda casa se
Encha com a Tua fumaça

E que os 
Meus olhos 

Sempre Vejam 
O Rei da Glória

Senhor dos Senhores  
E Eterno Deus

Senhor dos Senhores  
E Eterno Deus

Que toda Terra 
Se encha com a Sua Glória

Que toda casa se
Encha com a Tua fumaça

E que os 
Meus olhos 

Sempre Vejam 
O Rei da Glória

Senhor dos Senhores  
E Eterno Deus

Senhor dos Senhores  
E Eterno Deus

Eu vi o Senhor 

Sentado num alto 
E sublime trono

E a orla de Suas 
Vestes enchiam O templo 

Enquanto anjos 
Voavam sobre Você

Com duas asas 
Cobriam Seu rosto

Com outras duas 
Cobriam Seus pés

Cantavam uma Canção 
Uns Para os outros

Santo é você
Santo é você 

Com duas asas 
Cobriam Seu rosto

Com outras duas 
Cobriam Seus pés

Cantavam uma Canção 
Uns Para os outros

Santo é você
Santo é você 

Que toda Terra 
Se encha com a Sua Glória

Que toda casa se
Encha com a Tua fumaça

E que os 
Meus olhos 

Sempre Vejam 
O Rei da Glória

Senhor dos Senhores  
E Eterno Deus

Senhor dos Senhores  
E Eterno Deus

Que toda Terra 
Se encha com a Sua Glória

Que toda casa se
Encha com a Tua fumaça

E que os 
Meus olhos 

Sempre Vejam 
O Rei da Glória

Senhor dos Senhores  
E Eterno Deus

Senhor dos Senhores  
E Eterno Deus

O meu desejo É sentir 
Você Oh rio perene

E com o Calor do 
Fogo Moldado ser 

Pelo poder de 
Suas mãos

Oh vento impetuoso

Balança-me e 
Direciona-me ao 
Teu encontro

Junto com 
Os anjos 

Eu cantarei 
Uma canção de amor

O meu desejo É sentir 
Você Oh rio perene

E com o Calor do 
Fogo Moldado ser 

Pelo poder de 
Suas mãos

Oh vento impetuoso

Balança-me e 
Direciona-me ao 
Teu encontro

Junto com 
Os anjos 

Eu cantarei 
Uma canção de amor

Que toda Terra 
Se encha com a Sua Glória

Que toda casa se
Encha com a Tua fumaça

E que os 
Meus olhos 

Sempre Vejam 
O Rei da Glória

Senhor dos Senhores  
E Eterno Deus

Senhor dos Senhores  
E Eterno Deus

Que toda Terra 
Se encha com a Sua Glória

Que toda casa se
Encha com a Tua fumaça

E que os 
Meus olhos 

Sempre Vejam 
O Rei da Glória

Senhor dos Senhores  
E Eterno Deus

Senhor dos Senhores  
E Eterno Deus","","1627242448565"
"ec217cc2-1735-4fe3-9744-aaf232edd9b8","ae125cfd-96ef-4324-b1f0-f96a4f34eecf","Meu Alvo","Kleber Lucas","ativo","2026-08-17T16:53:52.919545+00:00","Estou subindo 

Pra um lugar 
Mais alto

Eu já queimei as 
Pontes com o passado

E em meus olhos 
Vejo o futuro

Tudo novo se fez
Tudo novo se faz

E dessa estrada 

Eu não me desvio 
Nunca mais

Estou firme

Eu não me desvio
Nunca mais

Vou avançar
Eu vou crescer

Ninguém vai 
Me deter

Meu alvo 
É Cristo

Meu alvo 
É Cristo

Vou avançar
Eu vou crescer

Ninguém vai 
Me deter

Meu alvo 
É Cristo

Meu alvo 
É Cristo

Estou subindo 

Pra um lugar 
Mais alto

Eu já desisti de 
Andar sozinho

Cristo vive 
Em mim

E os meus pés
Estão no caminho

Estão no caminho

E dessa estrada
Eu não me desvio 

Nunca mais

Estou firme

Eu não me 
Desvio nunca mais

Vou avançar
Eu vou crescer

Ninguém vai 
Me deter

Meu alvo 
É Cristo

Meu alvo 
É Cristo","","1593379239001"
"330e7689-ffb7-4950-9bd7-1be3398d566e","ae125cfd-96ef-4324-b1f0-f96a4f34eecf","Nunca Pare de Lutar","Ludmila Ferber","ativo","2026-08-17T16:53:53.722034+00:00","O que vem 
Pra tentar ferir

O valente de Deus

Em meio às 
Suas guerras

Que ataque 
É capaz

De fazê-lo olhar 
Pra trás

E querer desistir

Que terrível 
Arma é

Usada pra 
Tentar 

Paralisar 
Sua fé

Cansaço
Desânimo

Logo após 
Uma vitória

A mistura de 
Um desgaste 

Com um Contra
Ataque Do mal

A dor de 
Uma perda

Ou a dor 
Da traição

Uma quebra 
De aliança

Que é raiz 
Da ingratidão

Se alguém 
Está assim

Preste muita 
Atenção

Ouça o que vem 

Do coração 
De Deus

Em tempos 
De guerra

Nunca pare 
De lutar

Não baixe 
A guarda

Nunca pare 
De lutar

Em tempos 
De guerra

Nunca pare 
De adorar

Libera a palavra

Profetiza 
Sem parar

O escape
O descanso

A cura
A recompensa Vem

Sem demora

O escape
O descanso

A cura
A recompensa Vem

Sem demora

O escape
O descanso

A cura
A recompensa Vem

Sem demora

O escape
O descanso

A cura
A recompensa Vem

Sem demora

O que vem 
Pra tentar ferir

O valente de Deus

Em meio às 
Suas guerras

Que ataque 
É capaz

De fazê-lo olhar 
Pra trás

E querer desistir

Que terrível 
Arma é

Usada pra 
Tentar 

Paralisar 
Sua fé

Cansaço
Desânimo

Logo após 
Uma vitória

A mistura de 
Um desgaste 

Com um Contra
Ataque Do mal

A dor de 
Uma perda

Ou a dor 
Da traição

Uma quebra 
De aliança

Que é raiz 
Da ingratidão

Se alguém 
Está assim

Preste muita 
Atenção

Ouça o que vem 

Do coração 
De Deus

Em tempos 
De guerra

Nunca pare 
De lutar

Não baixe 
A guarda

Nunca pare 
De lutar

Em tempos 
De guerra

Nunca pare 
De adorar

Libera a palavra

Profetiza 
Sem parar

O escape
O descanso

A cura
A recompensa Vem

Sem demora

O escape
O descanso

A cura
A recompensa Vem

Sem demora

O escape
O descanso

A cura
A recompensa Vem

Sem demora

O escape
O descanso

A cura
A recompensa Vem

Sem demora","","1599864317748"
"ab10273e-1426-4579-b4ad-ee4eb56317f5","ae125cfd-96ef-4324-b1f0-f96a4f34eecf","O Nosso General É Cristo","","ativo","2026-08-17T16:53:53.880996+00:00","Pelo Senhor
Marchamos sim

O Seu exército
Poderoso é

Sua glória será
Vista em toda Terra

Vamos cantar
O canto da Vitória

Glória a Deus
Vencemos a Batalha

Toda Arma contra 
Nós perecerá

O nosso general
É Cristo

Seguimos os
Seus passos

Nenhum inimigo
Nos resistirá

O nosso general
É Cristo

Seguimos os
Seus passos

Nenhum inimigo
Nos resistirá

Pelo o Messias
Marchamos sim

Em Suas mãos
A chave da Vitória

Que nos leva 
A possuir

A terra prometida

Vamos cantar
O canto da Vitória

Glória a Deus
Vencemos a Batalha

Toda Arma contra 
Nós perecerá

O nosso general
É Cristo

Seguimos os
Seus passos

Nenhum inimigo
Nos resistirá

O nosso general
É Cristo

Seguimos os
Seus passos

Nenhum inimigo
Nos resistirá","","1617834171981"
"9ef39002-ead9-49c6-943b-a955a3adf2e0","ae125cfd-96ef-4324-b1f0-f96a4f34eecf","Poderoso Deus Eterno / Posso Ouvir","","ativo","2026-08-17T16:53:54.436149+00:00","Anjos proclamam 
A Tua majestade

Prostrado aos 
Teus pés 

Adorando 
Ao Rei

Terra e céu cantarão 
Uma canção 

Que se ouvirá
Declarando Santo

Sua glória 
Descerá 

Sobre a terra 
Se espalhará

Em uma 
Só voz cantando 
Te entronizando

Santo, poderoso
Deus eterno

Que é, que há 
De vir em glória

Santo, poderoso
Deus eterno

Que é, que há 
De vir em glória

Terra e céu cantarão 
Uma canção 

Que se ouvirá
Declarando Santo

Sua glória 
Descerá 

Sobre a terra 
Se espalhará

Em uma 
Só voz cantando 
Te entronizando

Santo, poderoso
Deus eterno

Que é, que há 
De vir em glória

Santo, poderoso
Deus eterno

Que é, que há 
De vir em glória

 

Aleluia
Aleluia

Aleluia
Aleluia

Seja feita 
Tua vontade
Sobre a terra

Maranata 
Vem Senhor

Glorioso Rei 
De toda terra

Seja feita 
Tua vontade
Sobre a terra

Maranata 
Vem Senhor

Glorioso Rei 
De toda terra

 

Aleluia
Aleluia

Aleluia
Aleluia","","1735501678258"
"a18b70c8-b8b7-4168-91f9-f5c2b9434963","ae125cfd-96ef-4324-b1f0-f96a4f34eecf","Minhas Guerras","Brasa Church","ativo","2026-08-17T16:53:53.175212+00:00","Há uma mesa 
Preparada para mim

Na presença 
Dos que São contra mim

O Seu corpo 
E o Seu sangue Derramou

Assim que Eu luto as 
Minhas guerras

Há uma mesa 
Preparada para mim

Na presença 
Dos que São contra mim

O Seu corpo 
E o Seu sangue Derramou

Assim que Eu luto as 
Minhas guerras

E eu creio que a 
Morte venceu

Minha voz 
Levantarei 

Em louvor 
Pelo que fez

Assim Que eu luto 
Minhas guerras

É assim

Assim Que eu luto 
Minhas guerras

É assim

Pelo vale caminha 
Junto a mim

É certo
Misericórdia 

E bondade 
Seguem-me

Minhas armas 
São louvor e Gratidão

Assim Que eu luto 
Minhas guerras

E eu creio que a 
Morte venceu

Minha voz 
Levantarei 

Em louvor pelo 
Que fez

Assim Que eu luto 
Minhas guerras

É assim

Assim Que eu luto 
Minhas guerras

É assim

Parece que estou 
Cercado mas sou 
Guardado por Ti

Assim Que eu luto 
Minhas guerras

É assim

Assim Que eu luto 
Minhas guerras

É assim

Parece que estou 
Cercado mas sou 
Guardado por Ti","","1656545868243"
"01846f7f-0943-4eb7-8d8d-9a723d24b2f9","ae125cfd-96ef-4324-b1f0-f96a4f34eecf","Oh Se Fendesses Os Céus","MORADA","ativo","2026-08-17T16:53:54.137929+00:00","Pra que eu 
Não me perca

Correndo 
Atrás do vento

Meus olhos 
Estão em Ti

Minha recompensa
Meu porto seguro

Contigo eu quero habitar

Eu não vou 
Me acostumar

A viver sem 
Tê-lo aqui

Meu maior amor

Pelas madrugadas
A minh'alma canta

Yeshua, saudades
Yeshua, saudades

Eu não darei sono 
Aos meus olhos

Até que os Teus olhos 
Encontrem um lugar

Eu não darei descanso 
Às minhas pálpebras

Até que eu 
Seja esse lugar

Eu não vou 
Me acostumar

A viver sem 
Tê-lo aqui

Meu maior amor

Pelas madrugadas
A minh'alma canta

Yeshua, saudades
Yeshua, saudades

Eu não darei sono 
Aos meus olhos

Até que os Teus olhos
Encontrem um lugar

Eu não darei descanso
Às minhas pálpebras

Até que eu seja esse lugar

Eu não darei sono 
Aos meus olhos

Até que os Teus olhos 
Encontrem um lugar

Eu não darei descanso 
Às minhas pálpebras

Até que eu seja esse lugar

Oh, se fendesses os céus

Oh, se descesse aqui

Oh, se fizesse em mim

A Tua morada
Lugar de prazer

Oh, se fendesses os céus

Oh, se descesse aqui

Oh, se fizesse em mim

A Tua morada
Lugar de prazer

Eu quero 
Estar neste lugar

Permanecer 
Neste lugar

Até me tornar 
Este lugar

Que eu não precise sair 
É só Você ficar

Eu quero 
Estar neste lugar

Permanecer 
Neste lugar

Até me tornar 
Este lugar

Que eu não precise sair 
É só Você ficar

Eu quero 
Estar neste lugar

Permanecer 
Neste lugar

Até me tornar 
Este lugar

Que eu não precise sair 
É só Você ficar

Oh, se fendesses os céus

Oh, se descesse aqui

Oh, se fizesse em mim

A Tua morada
Lugar de prazer

Oh, se fendesses os céus

Oh, se descesse aqui

Oh, se fizesse em mim

A Tua morada
Lugar de prazer

Faz a Terra tremer 
Com os Teus pés

Faz a Terra tremer 
Com os Teus pés

Faz a Terra tremer 
Com os Teus pés

Rasgue os céus e desce

Faz a Terra tremer 
Com os Teus pés

Faz a Terra tremer 
Com os Teus pés

Faz a Terra tremer 
Com os Teus pés

Rasgue os céus e desce

Faz a Terra tremer 
Com os Teus pés

Faz a Terra tremer 
Com os Teus pés

Faz a Terra tremer 
Com os Teus pés

Rasgue os céus e desce

Maranata ora vem

Maranata ora vem

Maranata ora vem

Rasgue os céus
E desce

Maranata ora vem

Maranata ora vem

Maranata ora vem

Rasgue os céus
E desce

Oh, se fendesses os céus

Oh, se descesse aqui

Oh, se fizesse em mim

A Tua morada
Lugar de prazer

Oh, se fendesses os céus

Oh, se descesse aqui

Oh, se fizesse em mim

A Tua morada
Lugar de prazer","","1758401670378"
"e3ffa2c3-fd5e-4f7b-a89c-8b8066f4ae1f","ae125cfd-96ef-4324-b1f0-f96a4f34eecf","Para Ti Eu Vou","Central 3","ativo","2026-08-17T16:53:54.290393+00:00","Trouxeste-me

Ao fim de 
Mim mesmo

E quanto tempo 
Isso levou

Quando o meu 
Aleluia cessou

Nova canção
Me deste

E para Ti
Eu vou

Para Ti
Eu vou

Para Ti
Eu vou

Me rendo a Ti

Confesso que 
Inseguro estou

Mas Teu amor 
Me envolve

E as mentiras
Que eu ouvi

Se esvaem

Quando eu
Me entrego a Ti

E para Ti
Eu vou

Para Ti
Eu vou

Para Ti
Eu vou

Me rendo a Ti

E para Ti
Eu vou

Para Ti
Eu vou

Para Ti
Eu vou

Me rendo a Ti

Me lembraste

De Tuas 
Promessas

Me moldaste 

Até meu ser 
Desfeito ser

Teu amor 
Me envolve

Não há medo em 
Teu amor

Capturou-me

Me lembraste

De Tuas 
Promessas

Me moldaste

Até meu ser 
Desfeito ser

Teu amor 
Me envolve

Não há medo em 
Teu amor

Capturou-me

Me lembraste 

De Tuas 
Promessas

Me moldaste

Até meu ser 
Desfeito ser

Teu amor 
Me envolve

Não há medo em 
Teu amor

Capturou-me

E para Ti
Eu vou

Para Ti
Eu vou

Para Ti
Eu vou

Me rendo a Ti

E para Ti
Eu vou

E para Ti
Eu vou

E para Ti
Eu vou

Me rendo a Ti

E para Ti
Eu vou

Para Ti
Eu vou

Para Ti
Eu vou

Me rendo a Ti

E para Ti
Eu vou

Para Ti
Eu vou

Para Ti
Eu vou

Me rendo a Ti

E para Ti
Eu vou

Para Ti
Eu vou

Para Ti
Eu vou

Me rendo a Ti

Me rendo a Ti","","1636836722135"
"f4efe5a6-cf14-45e8-89e9-0e6b378c4126","ae125cfd-96ef-4324-b1f0-f96a4f34eecf","Quando Ele vem","André Aquino","ativo","2026-08-17T16:53:54.808451+00:00","Nosso amigo
Santo Espírito

Venha aquecer 
Os corações

Vem com cura 
E todo Seu poder

Vem manifestar 
Os Seus sinais

O que dizer
O que fazer 

Quando Ele 
Vem aqui

Mais que ser 
Bem-vindo

Nós Te desejamos 
Outra vez aqui

Nosso amigo
Santo Espírito

Esperamos pelo 
Seu soprar

Com Seu óleo 
Venha nos ungir

E com Seu fogo 
Vem nos batizar

O que dizer
O que fazer 

Quando Ele 
Vem aqui

Mais que ser 
Bem-vindo

Nós Te desejamos 
Outra vez aqui

O que dizer
O que fazer 

Quando Ele 
Vem aqui

Mais que ser 
Bem-vindo

Nós Te desejamos 
Outra vez aqui

Faz de novo
Faz de novo

O Teu povo 
Clama a Ti

Faz de novo
Faz de novo

O Teu povo 
Clama a TI 

Mais uma 
Vez de novo

Faz de novo
O Teu povo 
Clama a Ti

Mais uma vez 
De novo

Faz de novo
O Teu povo 
Clama a Ti

O que dizer
O que fazer

Quando Ele 
Vem aqui 

Mais que ser 
Bem-vindo

Nós Te desejamos 
Outra vez aqui

O que dizer
O que fazer

Quando Ele 
Vem aqui

Mais que ser 
Bem-vindo

Nós Te desejamos 
Outra vez aqui

O que dizer
O que fazer 

Quando Ele 
Vem aqui

Mais que ser 
Bem-vindo

Nós Te desejamos 
Outra vez aqui

O que dizer
O que fazer 

Quando Ele 
Vem aqui

Mais que ser 
Bem-vindo

Nós Te desejamos 
Outra vez aqui

O que dizer
O que fazer 

Quando Ele 
Vem aqui

Mais que ser 
Bem-vindo

Nós Te desejamos 
Outra vez aqui

O que dizer
O que fazer 

Quando Ele 
Vem aqui

Mais que ser 
Bem-vindo

Nós Te desejamos 
Outra vez aqui

O que dizer
O que fazer 

Quando Ele 
Vem aqui

Mais que ser 
Bem-vindo

Nós Te desejamos 
Outra vez

O que dizer
O que fazer 

Quando Ele 
Vem aqui

Mais que ser 
Bem-vindo

Nós Te desejamos 
Outra vez aqui

O que dizer
O que fazer 

Quando Ele 
Vem aqui

Mais que ser 
Bem-vindo

Nós Te desejamos 
Outra vez aqui","","1590952912500"
"9c88f059-2622-4c68-b3ae-cdfdd8f4248e","ae125cfd-96ef-4324-b1f0-f96a4f34eecf","É Ele","","ativo","2026-08-17T16:53:49.453523+00:00","Deus enviou
Seu Filho amado

Para morrer
Em meu lugar

Na cruz sofreu
Por meus pecados

Mas ressurgiu
E vivo com o Pai está

Porque Ele vive
Posso crer no amanhã

Porque Ele vive
Temor não há

Mas eu bem sei
Eu sei que a minha vida

Está nas mãos de meu Jesus
Que vivo está

E quando, enfim
Chegar a hora

Em que a morte
Enfrentarei

Sem medo, então
Terei vitória

Verei na Glória o meu Jesus
Que vivo está

Porque Ele vive
Posso crer no amanhã

Porque Ele vive
Temor não há

Mas eu bem sei
Eu sei que a minha vida

Está nas mãos de meu Jesus
Que vivo está","",""
"a5e463ae-3a67-4d81-9c90-95fbcf3166a7","ae125cfd-96ef-4324-b1f0-f96a4f34eecf","O Fogo Arderá","Alexsander Lucio","ativo","2026-08-17T16:53:51.399337+00:00","Teu fogo arde em mim
E muda o meu viver

Sou Teu templo, sou Teu altar
Sacrifício vivo quero oferecer

Teu fogo arde em mim
E muda o meu viver

Sou Teu templo, sou Teu altar
Sacrifício vivo quero oferecer

Que o nosso louvor
Não seja um momento

Lágrimas vazias
Sem avivamento

Que o nosso amor
Não seja fingido

Honrado com os lábios
Nos corações esquecido

Pois de que vale
Ter as poesias mais lindas

As harmonias mais brilhantes
Se não há verdade em nós?

Pois de que vale
Ter tudo e não ter nada?

Te dar meus lábios
Não minha alma?

Quero me entregar a Ti

Entregar minha vida
Como adoração

Que o nosso louvor
Não seja um momento

Lágrimas vazias
Sem avivamento

Que o nosso amor
Não seja fingido

Honrado com os lábios
Nos corações esquecido

Pois de que vale
Ter as poesias mais lindas

As harmonias mais brilhantes
Se não há verdade em nós?

Pois de que vale
Ter tudo e não ter nada?

Te dar meus lábios
Não minha alma?

Quero me entregar a Ti

Entregar minha vida
Como adoração

Não vale a pena
Só me emocionar

E buscar as canções
Mais lindas pra cantar

Se eu não for uma canção
Que alegra a Ti

Se o meu coração
Não queimar por Ti

Não vale a pena
Só me emocionar

E buscar as canções
Mais lindas pra cantar

Se eu não for uma canção
Que alegra a Ti

Se o meu coração
Não queimar por Ti

O fogo arderá sobre o altar
Continuamente sobre o altar

E não se apagará
E não se apagará

O fogo arderá sobre o altar
Continuamente sobre o altar

E não se apagará
E não se apagará

O fogo arderá sobre o altar
Continuamente sobre o altar

E não se apagará
E não se apagará

O fogo arderá sobre o altar
Continuamente sobre o altar

E não se apagará
E não se apagará

O fogo arderá sobre o altar
Continuamente sobre o altar

E não se apagará
E não se apagará

O fogo arderá sobre o altar
Continuamente sobre o altar

E não se apagará
E não se apagará","","1774111394067"
"e0cb7b4f-2e4c-44a4-8f6b-c991b8171b25","ae125cfd-96ef-4324-b1f0-f96a4f34eecf","O nome Dele é Jesus","Dunamis Music","ativo","2026-08-17T16:53:53.80178+00:00","O próprio amor 
Desceu 

Do céu ungido 
Veio pra salvar

Com graça em 
Seus olhos 
Carregou

As marcas 
Da minha dor

Cordeiro de Deus

O sumo 
Sacerdote 
Me livrou

Das trevas 
Do pecado

E Ele rompeu 

O véu que 
Nos separava

Toda guerra 
Ele já venceu

A vida em 
Abundância 
Concedeu

Não sou mais 
Eu quem vivo
E sim meu Deus

Que Se entregou 
Por mim

Toda guerra 
Ele já venceu

A vida em 
Abundância 
Concedeu

Não sou mais 
Eu quem vivo
E sim meu Deus

Que Se entregou 
Por mim

O nome dele é 
Jesus

Para sempre 
Exaltado

O Rei glorificado

O nome dele é 
Jesus

Para sempre 
Exaltado

O Rei glorificado

O nome dele é 
Jesus

Para sempre 
Exaltado

O Rei glorificado","","1635708446479"
"dc18fd34-26ba-4d62-a4bb-0f824becfcef","ae125cfd-96ef-4324-b1f0-f96a4f34eecf","Pode Morar Aqui","Theo Rubia","ativo","2026-08-17T16:53:54.359943+00:00","Minhas lamparinas 
Estão acesas

Só estou esperando 

O barulho do 
Teus passos 

Em direção 
Á porta

É só bater que 
Eu vou abrir pra 
Você entrar

É só bater que 
Eu vou abrir pra 
Você entrar

Eu já coloquei 
As minhas 
Vestes brancas

Estou só 
Te esperando

Vem
Vamos dançar

Maranata
Maranata

Minhas lamparinas 
Estão acesas

Só estou esperando 

O barulho do 
Teus passos 

Em direção 
Á porta

É só bater que 
Eu vou abrir pra 
Você entrar

É só bater que 
Eu vou abrir pra 
Você entrar

Eu já coloquei 
As minhas 
Vestes brancas

Estou só 
Te esperando

Vem
Vamos dançar

Maranata
Maranata

Eu já coloquei 
As minhas vestes 

Estou só 
Te esperando

Vem
Vamos dançar

Maranata
Maranata

Tem fogo 
Nos olhos
Eu não imaginava

Que era 
Lindo assim

Que era 
Lindo assim

Meu Noivo 
Esperado

Eu abro a 
Minha casa

Pode morar aqui
Pode morar aqui

Tem fogo 
Nos olhos
Eu não imaginava

Que era 
Lindo assim

Que era 
Lindo assim

Meu Noivo 
Esperado

Eu abro a 
Minha casa

Pode morar aqui
Pode morar aqui

Eu já coloquei 
As minhas 
Vestes brancas

Estou só 
Te esperando

Vem
Vamos dançar

Maranata
Maranata

Eu já coloquei 
As minhas 
Vestes brancas

Estou só 
Te esperando

Vem
Vamos dançar

Maranata
Maranata

Tem fogo 
Nos olhos
Eu não imaginava

Que era 
Lindo assim

Que era 
Lindo assim

Meu Noivo 
Esperado

Eu abro a 
Minha casa

Pode morar aqui
Pode morar aqui

Tem fogo 
Nos olhos
Eu não imaginava

Que era 
Lindo assim

Que era 
Lindo assim

Meu Noivo 
Esperado

Eu abro a 
Minha casa

Pode morar aqui
Pode morar aqui","","1600630038519"
"b7463f44-d560-41c7-a088-d4e94c748ac6","ae125cfd-96ef-4324-b1f0-f96a4f34eecf","Que Se Abram Os Céus","Nívea Soares","ativo","2026-08-17T16:53:54.875863+00:00","Tu és 
Bem vindo aqui

E em nosso 
Coração

Toma a direção

Deus fogo 
Consumidor

Sem impedimentos 
Vem

Face a face
Senhor

Sopra em nós 
Espírito

Te queremos
Deus

Estou de pé
Na presença do Rei

Tua glória 
Está aqui

Teu amor 
Liberta-me

Estás aqui no 
Trono de louvor

Tua presença 
Me curou

Fascinado estou

Sopra em nós
Espírito

Te queremos
Deus

Sopra em nós
Espírito

Te queremos
Deus

Sopra em nós
Espírito

Te queremos
Deus

Que se abram 
Os céus

O Teu reino vem

Nossa fé está
No nosso Deus

Que se abram 
Os céus

O Teu reino vem

Nossa fé está
No nosso Deus

Que se abram 
Os céus

O Teu reino vem

Nossa fé está
No nosso Deus

Que se abram 
Os céus

O Teu reino vem

Nossa fé está
No nosso Deus

Que os céus 
Fechados se abram

Teu reino
Venha mover

A nossa fé 
E esperança

Estão em Deus
Grande Deus

 

Que os céus 
Fechados se abram

Teu reino
Venha mover

A nossa fé 
E esperança

Estão em Deus
Grande Deus","","1590954151448"
"1e55bbaa-5e2d-4190-b19e-d5482ef8067d","ae125cfd-96ef-4324-b1f0-f96a4f34eecf","Rei do Meu Coração","Gabi Sampaio","ativo","2026-08-17T16:53:55.326332+00:00","Rei do 
Meu coração

Seja a 
Minha fortaleza

Minha fonte 
Eterna és

Oh minha canção

Rei do 
Meu coração

Seja o 
Meu esconderijo

A razão do 
Meu viver

Oh minha canção

Tu és bom
Bom oh, oh

Tu és bom
Bom oh, oh

Tu és bom
Bom oh, oh

Tu és bom
Bom oh, oh

Rei do 
Meu coração

Seja o vento 
A soprar

Minha âncora 
No mar

Oh minha canção

Rei do 
Meu coração

Seja o fogo 
A queimar

A voz a ecoar

Oh minha canção

Rei do 
Meu coração

Seja o vento 
A soprar

Minha âncora 
No mar

Oh minha canção

Rei do 
Meu coração

Seja o fogo 
A queimar

A voz a ecoar
Oh minha canção

Tu és bom
Bom oh, oh

Tu és bom
Bom oh, oh

Tu és bom
Bom oh, oh

Tu és bom
Bom oh, oh

Tu não 
Me deixarás

Não me deixarás 
Jamais

Tu não 
Me deixarás

Não me deixarás 
Jamais

Tu não 
Me deixarás

Não me deixarás 
Jamais

Tu não 
Me deixarás

Não me deixarás 
Jamais

Tu não 
Me deixarás

Não me deixarás 
Jamais

Tu não 
Me deixarás

Não me deixarás 
Jamais

Tu não 
Me deixarás

Não me deixarás 
Jamais

Tu não 
Me deixarás

Não me deixarás 
Jamais 

Tu és bom
Bom oh, oh

Tu és bom
Bom oh, oh

Tu és bom
Bom oh, oh

Tu és bom
Bom oh, oh","","1590953356664"
"a8b034cd-be3b-4314-9e8f-05e732144aab","ae125cfd-96ef-4324-b1f0-f96a4f34eecf","Rio","Nívea Soares","ativo","2026-08-17T16:53:55.412583+00:00","Deixa fluir 
O Rio, Rio

Rio de Deus

Deixa fluir 
O Rio, Rio

Rio de Deus

Deixa fluir 
O Rio, Rio

Rio de Deus

Deixa fluir 
O Rio, Rio

Rio de Deus

Rio de Deus

Flua pelas ruas

Rio de Deus

Flua através 
De mim

Trazendo 
Justiça, paz
Alegria

Manifestando 
Graça

Misericórdia

Rio de Deus 

Suba pelos 
Morros

Rio de Deus

Brote dos 
Desertos

Trazendo 
Justiça, paz
Alegria

Manifestando 
Graça

Misericórdia

Pai de amor

Tu és 
Bem-vindo 
Neste lugar

Doce Jesus

Tu és 
Bem-vindo 
Neste lugar

Espírito Santo

Tu és 
Bem-vindo 
Neste lugar

Flua em mim

Tu és 
Bem-vindo 
Neste lugar

Rio de Deus 

Entre pelas 
Grades

Rio de Deus 

Rompa as prisões

Trazendo 
Justiça, paz
Alegria

Manifestando 
Graça 

Misericórdia

Rio de Deus 

Cure os 
Enfermos

Rio de Deus

Inunde as 
Nações

Trazendo 
Justiça, paz
Alegria

Manifestando 
Graça

Misericórdia

Pai de amor

Tu és 
Bem-vindo 
Neste lugar

Doce Jesus

Tu és 
Bem-vindo 
Neste lugar

Espírito Santo

Tu és 
Bem-vindo 
Neste lugar

Flua em mim

Tu és 
Bem-vindo 
Neste lugar

Pai de amor

Tu és 
Bem-vindo 
Neste lugar

Doce Jesus

Tu és 
Bem-vindo 
Neste lugar

Espírito Santo

Tu és 
Bem-vindo 
Neste lugar

Flua em mim

Tu és 
Bem-vindo 
Neste lugar

Deixa fluir 
O Rio, Rio

Rio de Deus

Deixa fluir 
O Rio, Rio

Rio de Deus

Deixa fluir 
O Rio, Rio

Rio de Deus

Deixa fluir 
O Rio, Rio

Rio de Deus

Do Teu interior 
Fluirão Fluirão

Rios de Águas Vivas
Fluirão Fluirão

Do Teu interior 
Fluirão Fluirão

Rios de Águas Vivas
Fluirão Fluirão

Do Teu interior 
Fluirão Fluirão

Rios de Águas Vivas
Fluirão Fluirão

Do Teu interior 
Fluirão Fluirão

Rios de Águas Vivas
Fluirão Fluirão

Do Teu interior 
Fluirão Fluirão

Rios de Águas Vivas
Fluirão Fluirão

Do Teu interior 
Fluirão Fluirão

Rios de Águas Vivas
Fluirão Fluirão

Deixa fluir 
O Rio, Rio

Rio de Deus

Deixa fluir 
O Rio, Rio

Rio de Deus

Deixa fluir 
O Rio, Rio

Rio de Deus

Deixa fluir 
O Rio, Rio

Rio de Deus

Pai de amor

Tu és 
Bem-vindo 
Neste lugar

Doce Jesus

Tu és 
Bem-vindo 
Neste lugar

Espírito Santo

Tu és 
Bem-vindo 
Neste lugar

Flua em mim

Tu és 
Bem-vindo 
Neste lugar","","1596319886975"
"19e1a94c-0cec-4e28-981b-1990aae17f94","ae125cfd-96ef-4324-b1f0-f96a4f34eecf","Sublime","FHOP Music","ativo","2026-08-17T16:53:55.953773+00:00","Quem é como Tu
Jesus

Não há ninguém além de Ti

Que é manso e humilde assim

Não há ninguém igual a Ti

Não há igual

Maravilhoso
Admirável

Tão Sublime
Glorioso

Tua presença
É mais desejável

Do que o ouro

Melhor que a vida
É o Teu amor

Quem é como Tu
Jesus

Não há ninguém além de Ti

Que é manso e humilde assim

Não há ninguém igual a Ti

Maravilhoso
Admirável

Tão Sublime
Glorioso

Tua presença
É mais desejável

Do que o ouro

Melhor que a vida
É o Teu amor

Ah, como espero o dia

Em que verei
A face Do meu amado

Ah, como espero o dia

Em que a alegria
Enfim Será completa

Ah, como espero o dia

Em que verei
A face Do meu amado

Ah, como espero o dia

Em que a alegria
Enfim Será completa

Ah, como espero o dia

Em que verei
A face Do meu amado

Ah, como espero o dia

Em que a alegria
Enfim Será completa

Maravilhoso
Admirável

Tão Sublime
Glorioso

Tua presença
É mais desejável

Do que o ouro

Melhor que a vida
É o Teu amor

Ah, como espero o dia

Em que verei
A face Do meu amado

Ah, como espero o dia

Em que a alegria
Enfim Será completa","","1762636896881"
"392e93d7-d9f2-4eaa-bf5c-e08dbcfa014b","ae125cfd-96ef-4324-b1f0-f96a4f34eecf","Tudo é Teu/ Nova criatura/ Rede ao mar","Morada ","ativo","2026-08-17T16:53:56.677322+00:00","Jesus, por Ti 
Eu viverei

Nunca me 
Envergonharei 

Meu ser e todo 
Meu louvor

Teu, Teu
Tudo é Teu

Teu, Teu
Tudo é Teu

De todo lugar
Perdidos virão

Em uma só voz
Livres vamos 
Cantar

Levaste a cruz
Morreste e 
Vivo está

Meu Deus 
Meu tudo 
Sempre Te darei 

Levaste Jesus
Do céu até nós

A todos livrou
Sempre se ouvirá

Busquei a verdade

E a Ti eu 
Encontrei

Meu Deus
Meu tudo 
Sempre Te darei

Jesus, por Ti 
Eu viverei

Nunca me 
Envergonharei 

Meu ser e todo 
Meu louvor

Teu, Teu
Tudo é Teu

Teu, Teu
Tudo é Teu

Jesus, por Ti 
Eu viverei

Nunca me 
Envergonharei 

Meu ser e todo 
Meu louvor

Teu, Teu
Tudo é Teu

Teu, Teu
Tudo é Teu

Busco a Ti agora
Posso ver

Seguirei a Tua luz

Pois em Tuas 
Mãos está
Senhor

A salvação

Busco a Ti agora
Posso ver

Seguirei a Tua luz

Pois em Tuas 
Mãos está
Senhor

A salvação

Jesus, por Ti 
Eu viverei

Nunca me 
Envergonharei 

Meu ser e todo 
Meu louvor

Teu, Teu
Tudo é Teu

Teu, Teu
Tudo é Teu

Jesus, por Ti 
Eu viverei

Nunca me 
Envergonharei 

Meu ser e todo 
Meu louvor

Teu, Teu
Tudo é Teu

Teu, Teu
Tudo é Teu

A minha vida
A Tua vida

Tudo que sou é 
Totalmente Teu Senhor

O meu presente
O meu futuro 
Eu entreguei

E o meu passado 
Eu afoguei

No mar do 
Esquecimento 
Do Senhor

Sou nova criatura
Nova criatura

Eu não sou tudo 
O que você 
Precisa

Ainda não 
Sou tudo 

Aquilo que eu 
Queria ser

Mas uma coisa 
Eu sou 

E não abro 
Mão, não

Nova criatura
Nova criatura

Ah, eu sou 
Nova criatura

Nova criatura

Ah, eu sou 
Nova criatura

Nova criatura 
Eu sou

Ah, eu sou 
Nova criatura

Nova criatura

Ah, eu sou 
Nova criatura

Nova criatura 
Eu sou 

Ide e fazei 
Discípulos 

De todas 
As nações

Ide fazei 
Discípulos 

De todas 
As nações

Vou lançar 
A minha 
Rede ao mar

Muitas almas 
Também 
Vou ganhar

Tantas que 
Eu não 
Poderei contar

Almas como as 
Areias do mar

Vou lançar 
A minha 
Rede ao mar

Muitas almas 
Também 
Vou ganhar

Tantas que 
Eu não 
Poderei contar

Almas como as 
Areias do mar

Almas como as 
Areias do mar

Almas como as 
Areias do mar","","1556072580145"
"92828d65-d58d-4969-99a1-2532cb7bcff7","ae125cfd-96ef-4324-b1f0-f96a4f34eecf","Venha o Teu Reino"," Davi Sacer ","ativo","2026-08-17T16:53:57.130962+00:00","Nosso Pai
Que o Teu nome seja mantido santo
Venha o Teu reino
Dá-nos hoje o alimento necessário pra viver
O pão de cada dia

Perdoa os erros que temos cometido
Como perdoamos quem nos ofendeu
Não nos deixe cair em provações severas
Mas livra-nos do mal

Venha o Teu reino
Faça a Tua vontade
Seja assim na Terra
Como é no Céu

Venha o Teu reino
Faça a Tua vontade
Seja assim na Terra
Como é no Céu

Nosso Pai
Que o Teu nome seja mantido santo
Venha o Teu reino
Dá-nos hoje o alimento necessário pra viver
O pão de cada dia

Perdoa os erros que temos cometido
Como perdoamos quem nos ofendeu
Não nos deixe cair em provações severas
Mas livra-nos do mal

Venha o Teu reino
Faça a Tua vontade
Seja assim na Terra
Como é no Céu

Venha o Teu reino
Faça a Tua vontade
Seja assim na Terra
Como é no Céu

Seja feita Tua vontade, iê-é

Porque o reino, o poder e a glória
São Teus para sempre
Porque o reino, o poder e a glória
São Teus para sempre

Amém
Amém
Amém","","1786978335041"
"8d93bd0d-b326-43f6-83f1-f610b67b00a6","ae125cfd-96ef-4324-b1f0-f96a4f34eecf","Vida Longa ao Rei","MORADA","ativo","2026-08-17T16:53:57.363229+00:00","Cabou, passou
Nem lembro mais

Cadê a dor que tava aqui?

Será? Nem vou me preocupar

Prefiro reter o que é bom

Prefiro lembrar
Quem me traz esperança

Partiu, adeus!
Não volte mais

Secou o rio de lágrimas

Foi só ficar um pouco a sós

De longe parece pior
Mas aqui ninguém perde a fé

Levante a cabeça pra ver
Que maior que Deus ninguém é

La La La La 
La La La La

La La La La 
La La La La

La La La La 
La La La La

La La La La
La La La La

O Leão esmagou a serpente
O Leão esmagou a serpente

O Leão esmagou a serpente
Vida longa ao Rei

Vida longa ao Rei

Vida longa ao Rei

Vida longa ao Rei","","1758149633705"
"59a43686-259f-48a3-a1ed-fd0358c13098","ae125cfd-96ef-4324-b1f0-f96a4f34eecf","Eu Te Louvarei Meu Bom Jesus","","ativo","2026-08-17T16:53:50.960893+00:00","Perto quero estar

Junto aos 
Teus pés

Pois prazer 
Maior não há

Que me render 
E Te adorar

Tudo que 
Há em mim

Quero Te ofertar

Mas ainda é 
Pouco eu sei

 Se comparado 
Ao que ganhei

Não sou 
Apenas servo

Teu amigo 
Me tornei

Te louvarei

Não importam
As circunstâncias

Adorarei

Somente a Ti
Jesus

Somente a Ti
Jesus","",""
"2f5ca0ca-4cb6-4a24-addd-e12f2091246a","ae125cfd-96ef-4324-b1f0-f96a4f34eecf","Só Tu És Santo + Medley","MORADA","ativo","2026-08-17T16:53:55.804933+00:00","Tudo está preparado aqui

A casa e o meu coração também

Tu és o único motivo
Que me fez chegar

Os filhos
Já estão chegando aqui

Agora somos 
dois ou três
Ou mais

Encontre meu coração
Disposto a queimar por Ti

Todos os versos e canções
Que eu conseguir cantar

Todas as vezes quebrantado
Só quero Te falar

Que Teu é o reino
E a glória pra sempre

Teu é o domínio e o poder
Amém, amém

Teu é o reino
E a glória pra sempre

Teu é o domínio e o poder
Amém, amém

Só Tu és santo
Só Tu és santo

Não há outro como Tu

Não há outro como Tu

Não há outro como Tu
Não há outro como Jesus

Só Tu és santo
Só Tu és santo

Não há outro como Tu

Não há outro como Tu

Não há outro como Tu
Não há outro como Jesus

Só Tu és santo
Só Tu és santo

Não há outro como Tu

Não há outro como Tu

Não há outro como Tu
Não há outro como Jesus

Só Tu és santo
Só Tu és santo

Não há outro como Tu

Não há outro como Tu

Não há outro como Tu
Não há outro como Jesus

Uma coisa vou pedir
Deixa eu ficar neste lugar

Todos os dias da minha vida

É aqui que eu
Me sinto muito bem

É aqui que eu
Me sinto muito bem

É aqui que eu
Me sinto muito bem
E não há outro lugar melhor

É aqui que eu
Me sinto muito bem

É aqui que eu
Me sinto muito bem

É aqui que eu
Me sinto muito bem
E não há outro lugar melhor

Nós adoramos Aquele que faz
Vento aos Teus anjos

Nós adoramos Aquele que faz
Fogo aos Teus ministros 

Nós adoramos Aquele que faz
Vento aos Teus anjos

Nós adoramos Aquele que faz
Fogo aos Teus ministros 

Nós somos Seus ministros

Não negue o Seu fogo

Nós somos Seus ministros

Queremos queimar 
Queremos queimar

Deixa queimar
Deixa queimar

Deixa queimar
Deixa queimar

Deixa queimar
Deixa queimar

Deixa queimar
Deixa queimar

Dia e noite, noite e dia
Sem cessar

Até que Ele venha

Eu Te amo e vou gritar
Pro mundo inteiro ouvir

Te amo, Te amo, Te amo","","1764446611331"
"e066995f-a743-46d5-95d9-6d4f7fb4256c","ae125cfd-96ef-4324-b1f0-f96a4f34eecf","Teu Toque","Gabi Sampaio","ativo","2026-08-17T16:53:56.32518+00:00","Como eu amo 
Os momentos

Que eu passo 
Contigo

Onde encontro 
A paz

Que Tua palavra 
Me traz

Para Ti
Estou atento

Permaneço ouvindo
Aqui quero estar

Deus Meu coração 
Quer mais de Ti

Faz algo novo 
Em mim

E eu me entrego 
A Ti

Meu prazer 
É viver Em Teu amor

Me envolver 
Em Ti Senhor

Meu desejo é 
Te conhecer

Jesus, abro a Ti 
Meu coração

Os meus medos 
Fugirão

O Teu Toque é tudo 
O que eu quero

Oh, oh

És o fogo do dia
E da noite, a brisa

O sopro em 
Meu ser

O que me 
Faz viver

Não há dúvida 
Alguma

Do amor 
Que revelas

A mais doce afeição

Deus Meu coração 
Quer mais de Ti

Faz algo novo 
Em mim

Me entrego 
A Ti

Meu prazer 
É viver Em Teu amor

Me envolver 
Em Ti Senhor

Meu desejo é 
Te conhecer Jesus

Abro a Ti 
Meu coração

Os meus medos 
Fugirão

O Teu Toque é tudo 
O que eu quero

Oh, oh

Eu abro o 
Coração a Ti

Eu abro o coração 
Hoje aqui

Toca em mim com 
Teu poder

Faz em mim Senhor
Teu querer

Eu abro o 
Coração a Ti

Eu abro o coração 
Hoje aqui

Toca em mim com 
Teu poder

Faz em mim
Senhor Teu querer

Eu abro o 
Coração a Ti

Eu abro o coração 
Hoje aqui

Toca em mim com 
Teu poder

Faz em mim
Senhor Teu querer

Eu abro o 
Coração a Ti

Eu abro o coração 
Hoje aqui

Toca em mim com 
Teu poder

Faz em mim Senhor
Teu querer

Meu prazer 
É viver Em Teu amor

Me envolver 
Em Ti Senhor

Meu desejo é 
Te conhecer Jesus 

Abro a Ti 
Meu coração

Os meus medos 
Fugirão

O Teu Toque é tudo 
O que eu quero

Oh, oh

Eu abro o 
Coração a Ti

Eu abro o coração 
Hoje aqui

Toca em mim 
Com Teu poder

Faz em mim
Senhor Teu querer

Eu abro o 
Coração a Ti 

Eu abro o coração 
Hoje aqui

Toca em mim com 
Teu poder

Faz em mim
Senhor Teu querer","","1667427683632"
"a34fd34f-9c38-4880-bd40-a41d915cfe9c","ae125cfd-96ef-4324-b1f0-f96a4f34eecf","Vamos Pregar","","ativo","2026-08-17T16:53:56.886241+00:00","Hoje pregamos sobre 
Aquele que foi 

pregado numa cruz

Como ficaremos calados 

diante do que 
vimos e ouvimos?

Vamos pregar!

Ouvi falar sobre 
um Deus 

que fez a terra
o céu e o mar

Se fez homem como eu

E, mesmo sendo 
o próprio Deus

deixou Sua glória 
por me amar

Se fez servo
e obedeceu

Até a morte, morte 
de cruz sofreu

Como ficaremos calados 
diante do que vimos e ouvimos?

Ó morte, sua 
vitória você perdeu

Como ficaremos parados 
diante do que vimos e ouvimos?

As pedras não clamarão 
em nosso lugar

Hoje pregamos sobre 
Aquele que foi pregado

Não, não, não 
ficaremos calados!

Hoje pregamos sobre 
Aquele que foi pregado

Não, não, não 
ficaremos parados!

Vamos pregar!

Até a morte, morte 
de cruz sofreu

Como ficaremos calados 
diante do que vimos e ouvimos?

Ó morte, sua 
vitória você perdeu

Como ficaremos parados 
diante do que vimos e ouvimos?

As pedras não 
clamarão em nosso lugar

Hoje pregamos sobre 
Aquele que foi pregado

Não, não, não 
ficaremos calados!

Hoje pregamos sobre 
Aquele que foi pregado

Não, não, não 
ficaremos parados!

Vejam, é o Filho do 
Homem, Ele vem

Rasgando o céu 
com Seu poder

Cheio de glória

Vejam, as nações se 
prostram ante Aquele

Que era o Cordeiro 
hoje Leão

E vem para julgar

Vejam, é o Filho do 
Homem, Ele vem

Rasgando o céu 
com Seu poder

Cheio de glória

Vejam, as nações se 
prostram ante Aquele

Que era o Cordeiro
hoje Leão

E vem para julgar

E ai de mim se eu 
não pregaaaar

Formosos são os pés 

daqueles que 
anunciam O Evangelho

Mas como ouvirão 
se não há quem pregue

Quantos aqui vão pregar 
o evangelho a todas as nações

em todo o lugar
por onde passar

Ná-ná, ná-ná-ná-ná
ná-ná-ná-ná-ná 
uh, uh

Hoje pregamos sobre 
Aquele que foi pregado

Não, não, não 
ficaremos calados!

Hoje pregamos sobre 
Aquele que foi pregado

Não, não, não 
ficaremos parados!

Vamos pregar!

Não ficaremos calados

Vamos Pregar!

Não ficaremos calados

Vamos pregar!","","1784154987553"
"a2d4dae7-01bb-4d51-89b3-f281c42a955b","ae125cfd-96ef-4324-b1f0-f96a4f34eecf","Vento Impetuoso","Casa Worship","ativo","2026-08-17T16:53:57.208319+00:00","Vento Impetuoso
Casa Worship

Todos reunidos no mesmo lugar
Todos desejando Tua presença
Todos reunidos no mesmo lugar
Todos desejando Tua presença

Ouvindo o som que vem do céu
Ouvindo o som que vem do céu

Vento impetuoso, traz línguas de fogo
Batiza-nos, batiza-nos
Vento impetuoso, traz línguas de fogo
Batiza-nos, batiza-nos

Todos reunidos no mesmo lugar
Todos desejando Tua presença

Ouvindo o som que vem do céu
Ouvindo o som que vem do céu

Vento impetuoso, traz línguas de fogo
Batiza-nos, batiza-nos
Vento impetuoso, traz línguas de fogo
Batiza-nos, batiza-nos

Vento impetuoso, traz línguas de fogo
Batiza-nos, batiza-nos
Vento impetuoso, traz línguas de fogo
Batiza-nos, batiza-nos

Um só coração
Uma só voz
Uma canção

Um só coração
Uma só voz
Uma canção

Um só coração
Uma só voz
Uma canção

Vento impetuoso, traz línguas de fogo
Batiza-nos, batiza-nos
Vento impetuoso, traz línguas de fogo
Batiza-nos, batiza-nos

Vento impetuoso, traz línguas de fogo
Batiza-nos, batiza-nos
Vento impetuoso, traz línguas de fogo
Batiza-nos, batiza-nos","","1786978262029"
"6ffb1f12-d99f-40a0-86b3-ff59188fa427","ae125cfd-96ef-4324-b1f0-f96a4f34eecf","Sua Justiça Prevalecerá","Nívea Soares","ativo","2026-08-17T16:53:55.879787+00:00","Ele vem 
Rasgando os céus 

Ele vem 
Para reinar

E Sua justiça 
Prevalecerá

Ele vem 
Rasgando os céus

Ele vem 
Para reinar

E Sua justiça 
Prevalecerá

E Sua justiça 
Prevalecerá

Todas as 
Obras serão 

Provadas pelo fogo

E apenas o que 
É precioso 
Permanecerá

Tudo o que 
É abalável 
Será abalado

E o reino eterno 
De Cristo 
Prevalecerá

Ele vem 
Rasgando os céus 

Ele vem 
Para reinar

E Sua justiça 
Prevalecerá

Ele vem 
Rasgando os céus 

Ele vem 
Para reinar

E Sua justiça 
Prevalecerá

E Sua justiça 
Prevalecerá

Todas as 
Obras serão 

Provadas pelo 
Fogo

E apenas o que 
É precioso 
Permanecerá

Tudo o que é
É abalável 
Será abalado

E o reino eterno 
De Cristo 
Prevalecerá

Ele vem 
Rasgando os céus

Ele vem 
Para reinar

E Sua justiça 
Prevalecerá

Ele vem 
Rasgando os céus

Ele vem 
Para reinar

E Sua justiça 
Prevalecerá

E Sua justiça 
Prevalecerá

Arrependei-vos 
E crede no Evangelho

Arrependei-vos 
E crede no Evangelho

Pois em breve 
Jesus Vem para reinar

Deixe o homem 
Mau os Seus 
Caminhos

E  o pecador 
As Suas obras

Pois em breve 
Jesus vem

Para as nações 
Julgar

Arrependei-vos e
E crede no 
Evangelho

Arrependei-vos e
E crede no 
Evangelho

Pois em breve 
Jesus Vem para reinar

Deixe o homem 
Mau os Seus Caminhos

E o pecador a
As Suas obras

Pois em breve 
Jesus vem 

Para as nações 
Julgar

Ele vem 
Rasgando os céus 

Ele vem 
Para reinar

E Sua justiça 
Prevalecerá

Ele vem 
Rasgando os céus 

Ele vem 
Para reinar

E Sua justiça 
Prevalecerá

Ele vem 
Rasgando os céus

Ele vem 
Para reinar

E Sua justiça 
Prevalecerá

Ele vem 
Rasgando os céus

Ele vem 
Para reinar

E Sua justiça 
Prevalecerá

E Sua justiça 
Prevalecerá

E Sua justiça 
Prevalecerá","","1663451625875"
"862a2ee4-3ee5-46a8-b110-d1969bf34297","ae125cfd-96ef-4324-b1f0-f96a4f34eecf","Tudo a Ver Com Ele","Central 3 e André Aquino","ativo","2026-08-17T16:53:56.608724+00:00","Mesmo que ande
Em meio ao frio

Mesmo que eu vá
Correndo sem direção

Mesmo que eu
Me canse de lutar

Ou esperar algo acontecer

Mesmo que eu me encontre
Em meio ao caos

Eu sei que tudo
Continua sendo dEle

Eu sei que posso sempre
Andar com Ele

Eu sei que o Seu amor
É duradouro

E é para sempre

Eu sei que o Seu amor
É pra mim

Tem tudo a ver com Ele

Com Ele eu sei
Pra onde eu devo ir

Tem tudo a ver com Ele

A cruz revela
Seu amor por mim

E mesmo se eu me abalar
O Teu amor vai sustentar

Tudo o que há em mim
Tudo o que há em mim

Ainda que
Os montes se movam

Ainda que
As colinas sumam

O Teu amor
Por mim permanecerá

Teu amor
Por mim permanecerá","","1776628534260"
"98238ef7-6311-4b08-97ef-9c139321e730","ae125cfd-96ef-4324-b1f0-f96a4f34eecf","A Alegria, O Exército de Deus, Caiam Por Terra, Autoridade e Poder","MORADA","ativo","2026-08-17T16:53:47.001812+00:00","A alegria está 
no coração

De quem já 
conhece a Jesus

A verdadeira paz
Só tem aquele 

Que já conhece a Jesus

O sentimento 
mais precioso

Que vem do 
nosso Senhor

É o amor que só tem
Quem já conhece a Jesus

Aleluia, aleluia

Aleluia, aleluia

O sentimento 
mais precioso

Que vem do 
nosso Senhor

É o amor que só tem
Quem já conhece a Jesus

Posso pisar 
numa tropa

E saltar as muralhas

Aleluia, aleluia

Posso pisar 
numa tropa

E saltar as muralhas

Aleluia, aleluia

Cristo é a rocha
Da minha salvação

Com Ele não há
Mais condenação

Posso pisar 
numa tropa

E saltar as muralhas

Aleluia, aleluia

Eu posso escutar
O exército de Deus

Marchando 
sobre a Terra

Em plano de 
guerra vai

Já ouço o louvor
Que é arma de vitória

O exército de Deus

O exército de Deus

O exército de Deus

Marchando vai

Marchando vai

Caiam por terra agora
Os inimigos de Deus

Seja estabelecida
A casa do Senhor

O Senhor é 
Um Deus Que salva

que cura E santifica

Ele tem nos 
dado nova vida

Ele tem nos dado

Um novo canto
E um novo espírito

Com nossos lábios
Vamos proclamar

Não dá
sem Jesus não dá

Não dá
sem Jesus não dá

Não, não, não, não dá
Sem Jesus não dá

Não dá, sem Jesus não dá

Não dá
sem Jesus não dá

Não dá
sem Jesus não dá

Não, não, não, não dá
Sem Jesus não dá

Não dá, sem Jesus não dá","","1779815149136"
"cbac22ec-f359-443d-8454-33e5c6d49644","ae125cfd-96ef-4324-b1f0-f96a4f34eecf","Algo Novo","Kemuel","ativo","2026-08-17T16:53:47.625542+00:00","Vem me visitar
Hoje aqui

Quero conhecer
Mais de Ti

Espírito, vem
Espírito, vem

Espírito Santo

Eu quero viver
Algo novo

Faz meu coração
Arder de novo

Fazendo 
Todo medo
Desaparecer

Trazendo 
Sobre mim

Um novo 
Amanhecer

Eu quero viver
Algo novo

Vem me visitar
Hoje aqui

Quero conhecer
Mais de Ti

Espírito, vem
Espírito, vem

Espírito Santo

Espírito, vem
Espírito, vem

Espírito Santo

Eu quero viver
Algo novo

Faz meu coração
Arder de novo

Fazendo 
Todo medo
Desaparecer

Trazendo 
Sobre mim

Um novo 
Amanhecer

Eu quero viver
Algo novo

Eu quero viver
Algo novo

Faz meu coração
Arder de novo

Fazendo 
Todo medo
Desaparecer

Trazendo 
Sobre mim

Um novo 
Amanhecer

Eu quero viver
Algo novo

Oooh
Oooh

Santo Espírito
Desce como fogo

Incendeia","","1601756743794"
"b6ae7580-339e-48ad-8e60-33c60403bd2e","ae125cfd-96ef-4324-b1f0-f96a4f34eecf","Altar","Brasa Church","ativo","2026-08-17T16:53:47.786342+00:00","Deus me chamou

Deus me chamou

Pra tudo 
Abandonar

Me convidou 
Me convidou

Pra Nele confiar

Minha vida é
Minha vida é

Oferta em 
Seu altar

Espírito do 
Vivo Deus

Em tudo satisfaz
Tudo satisfaz

Estou aqui
Tudo o que sou

Eu entrego 
Hoje aos pés 
Do meu Senhor

Pois eu sou Teu
E Tu és meu

E eu sei que 
Ao meu lado 

Sempre estás

Para sempre estarás

Deus me chamou
Deus me chamou

Pra tudo 
Abandonar

Me convidou 
Me convidou

Pra Nele confiar

Minha vida é
Minha vida é

Oferta em 
Seu altar

Espírito do 
Vivo Deus

Em tudo satisfaz
Tudo satisfaz

Estou aqui
Tudo o que sou

Eu entrego 
Hoje aos pés 
Do meu Senhor

Pois eu sou Teu
E Tu és meu

E eu sei que 
Ao meu lado 

Sempre estás

Para sempre estarás

O meu ser 
Te deseja

Todo o céu 
Te adora

Provei e 
Pude ver 
Que Tu és bom

Pra sempre 
Tu reinas

Teu trono 
É eterno

E pra sempre 
Cantarei

Que Tu és bom

O meu ser 
Te deseja

Todo o céu 
Te adora

Provei e 
Pude ver 
Que Tu és bom

Pra sempre 
Tu reinas

Teu trono 
É eterno

E pra sempre 
Cantarei

Que Tu és bom

O meu ser 
Te deseja

Todo o céu 
Te adora

Provei e 
Pude ver 
Que Tu és bom

Pra sempre 
Tu reinas

Teu trono 
É eterno

E pra sempre 
Cantarei

Que Tu és bom

Estou aqui
Tudo o que sou

Eu entrego 
Hoje aos pés 
Do meu Senhor

Pois eu sou Teu
E Tu és meu

E eu sei que 
Ao meu lado 

Sempre estás

Estou aqui
Tudo o que sou

Eu entrego 
Hoje aos pés 
Do meu Senhor

Pois eu sou Teu
E Tu és meu

E eu sei que 
Ao meu lado 

Sempre estás

Para sempre estarás","","1657756749416"
"8fc9c087-848f-4003-9dd3-f5f4111cc81f","ae125cfd-96ef-4324-b1f0-f96a4f34eecf","A Bênção","MORADA","ativo","2026-08-17T16:53:47.144426+00:00","Recebi um novo 
coração do Pai

Coração regenerado
Coração transformado

Coração que é inspirado por Jesus

Como fruto desse 
novo coração

Eu declaro a paz de Cristo
Te abençoo, meu irmão

Preciosa é a nossa comunhão

Somos corpo
E assim, bem ajustados

Totalmente ligados
Unidos, vivendo em amor

Uma família
Sem qualquer falsidade

Vivendo a verdade
Expressando a glória do Senhor

Uma família 
vivendo o compromisso

Do grande amor de Cristo

Eu preciso de Ti
Querido irmão

Precioso és para mim
Querido irmão

Não quero viver
Para mim mesmo

Eu quero servir
E o amar, irmão

Compartilhar e dividir
Tudo que tenho com você

O meu amor
Meu coração

Meu lar e até o pão

O amor é maior
E em Jesus

Eu e você somos um

Eu quero ser uma 
bênção pra você

O aceitando assim, como é

Pois a vontade de Deus
Revelada em Jesus

É que sejamos um

Eu quero ser uma 
bênção pra você

Em compromisso 
e dedicação

O amor é dom de Deus
Pra sempre, vou dizer

Em Jesus
eu amo você

Deus 
sara esta nação

Com o Teu poder
Com o óleo da Tua unção

Deus 
sara esta nação

Com o Teu poder
Com o óleo da Tua unção","","1779138345562"
"385490d3-32b0-4bb3-bfe6-ed6ba2479ea5","ae125cfd-96ef-4324-b1f0-f96a4f34eecf","Acende Outra Vez","Jefferson & Suellen","ativo","2026-08-17T16:53:47.45275+00:00","Ouço um 
Barulho diferente

É como um 
Vento veemente

Eu vejo línguas
Como que de fogo

Pousando 
Sobre o ambiente

Nós estamos 
Reunidos

A casa está 
Preparada

Pode soprar o vento

Reacender a brasa

Nós estamos 
Reunidos

A casa está 
Preparada

Pode soprar o vento

Reacender a brasa

Me batiza 
Com fogo

Reacende a 
Chama em mim

Me batiza 
Com fogo

Reacende a 
Chama em mim

Ouço um 
Barulho diferente

É como um 
Vento veemente

Eu vejo línguas
Como que de fogo

Pousando 
Sobre o ambiente

Nós estamos 
Reunidos

A casa está 
Preparada

Pode soprar o vento

Reacender a brasa

Nós estamos 
Reunidos

A casa está 
Preparada

Pode soprar o vento

Reacender a brasa

Me batiza 
Com fogo

Reacende a 
Chama em mim

Me batiza 
Com fogo

Reacende a 
Chama em mim

Acende outra vez
Tua chama em nós

Aviva outra vez
Aviva outra vez

Acende outra vez
Tua chama em nós

Aviva outra vez
Aviva outra vez

Acende outra vez
Tua chama em nós

Aviva outra vez
Aviva outra vez

A nossa geração
Tem lenha pra queimar

Pode incendiar
Vem nos batizar

A nossa geração
Tem lenha pra queimar

Pode incendiar
Vem nos batizar

A nossa geração
Tem lenha pra queimar

Pode incendiar
Vem nos batizar

A nossa geração
Tem lenha pra queimar

Pode incendiar
Vem nos batizar

Me batiza 
Com fogo

Reacende a 
Chama em mim

Me batiza 
Com fogo

Reacende a 
Chama em mim

 

A nossa geração
Tem lenha pra queimar

Pode incendiar
Vem nos batizar

A nossa geração
Tem lenha pra queimar

Pode incendiar
Vem nos batizar

A nossa geração
Tem lenha pra queimar

Pode incendiar
Vem nos batizar

A nossa geração
Tem lenha pra queimar

Pode incendiar
Vem nos batizar

Me batiza 
Com fogo

Reacende a 
Chama em mim

Me batiza 
Com fogo

Reacende a 
Chama em mim","","1776628773415"
"54c3ee52-bdc2-4545-8847-9473a50c10b1","ae125cfd-96ef-4324-b1f0-f96a4f34eecf","Levanto Um Aleluia","Diante do Trono","ativo","2026-08-17T16:53:52.517778+00:00","Levanto
Um aleluia

Na presença
Do inimigo

Levanto
Um aleluia

Mais alto
Que os ruídos

Levanto
Um aleluia

Canções
São armas 
Para mim

Levanto
Um aleluia

O céu vem
Guerrear por mim

Na tempestade 
Eu vou cantar

Alto e mais alto

O meu louvor 
Rugirá

Das cinzas a fé
Se levantará

A morte é 
Vencida

O Rei vivo está

Levanto
Um aleluia

Com tudo
O que há em mim

Levanto
Um aleluia

E vejo a 
Escuridão fugir

Levanto
Um aleluia

Mesmo quando
Não posso 
Entender

Levanto
Um aleluia

O medo
Não tem 
Mais poder

Na tempestade
Eu vou cantar

Alto e mais alto

O meu louvor 
Rugirá

Das cinzas a fé
Se levantará

A morte é 
Vencida

O Rei vivo está

Cante mais alto
Cante mais alto 

Cante mais alto

Na presença 
Do inimigo

Cante mais alto

Mais alto
Que os ruídos

Cante mais alto

Canções são
Armas para mim

Cante mais alto

O céu vem
Guerrear por mim

Cante mais alto

Na presença
Do inimigo

Cante mais alto

Mais alto
Que os ruídos

Cante mais alto

Canções são
Armas para mim

Cante mais alto

O céu vem
Guerrear por mim

Cante mais alto

Na tempestade
Eu vou cantar

Alto e mais alto

O meu louvor 
Rugirá

Das cinzas a fé
Se levantará

A morte é 
Vencida

O Rei vivo está

E na tempestade
Eu vou cantar

Alto e mais alto

O meu louvor 
Rugirá

Das cinzas a fé
Se levantará

A morte é 
Vencida

O Rei vivo está

Levanto 
Um aleluia

Levanto 
Um aleluia

Levanto
Um aleluia

Na presença
Do inimigo

Levanto
Um aleluia

Mais alto
Que os ruídos

Levanto
Um aleluia

Canções são
Armas para mim

Levanto
Um aleluia

O céu vem
Guerrear por mim","","1594584395276"
"d05cf63d-73da-42ea-9126-b0a9d5b38d60","ae125cfd-96ef-4324-b1f0-f96a4f34eecf","Cordeiro e Leão","Drops (GL adolescentes)","ativo","2026-08-17T16:53:48.863809+00:00","Por sobre os 
Céus virá

A Ele os reis 
Se prostrarão

Cadeias 
Quebrará

E os corações 
O adorarão

Pois quem 
Impedirá
O Senhor

Esse é o 
Nosso Deus 

O Leão de Judá

Rugindo 
Com poder

Por nós batalhará

E o mundo
Há de render-se
A Ele

Esse é o 
Nosso Deus

O Cordeiro 
Imolado

Seu sangue 
Derramou 

Por nossos 
Pecados

E o mundo
Há de render-se

Ao Cordeiro 
E ao Leão

E o mundo
Há de render-se
A Ele

Oh portas
Levantai

Deixai o Rei da 
Glória entrar

Ele veio 
Pra salvar

E aos cativos 
Libertar

Pois quem 
Impedirá 
O Senhor

Esse é o 
Nosso Deus

O Leão de Judá

Rugindo 
Com poder

Por nós batalhará

E o mundo
Há de render-se
A Ele

Esse é o 
Nosso Deus

O Cordeiro 
Imolado

Seu sangue 
Derramou 

Por nossos 
Pecados

E o mundo
Há de render-se

Ao Cordeiro 
E ao Leão

E o mundo
Há de render-se
A Ele

Pois quem 
Impedirá 
O Senhor

Quem impedirá 
O Senhor

Pois quem 
Impedirá 
O Senhor

Quem impedirá 
O Senhor

Pois quem 
Impedirá 
O Senhor

Quem impedirá 
O Senhor

Pois quem 
Impedirá 
O Senhor

Quem impedirá 
O Senhor

Quem impedirá 

Esse é o 
Nosso Deus

O Leão de Judá

Rugindo 
Com poder

Por nós batalhará

E o mundo
Há de render-se
A Ele

Esse é o 
Nosso Deus

O Cordeiro 
Imolado

Seu sangue 
Derramou 

Por nossos 
Pecados

E o mundo
Há de render-se

Ao Cordeiro 
E ao Leão

E o mundo 
Há de render-se
A Ele","","1594505796932"
"1d8aa30f-d843-4b3d-9f24-c4599f9aec11","ae125cfd-96ef-4324-b1f0-f96a4f34eecf","Fé","FHOP","ativo","2026-08-17T16:53:51.247819+00:00","Você me chama
pra caminhar

No firme fundamento 
do que não se vê

O real invisível

Que me faz ir 
além do que é tangível

Não pelo que vejo

Mas pelo que creio

Eu fixo os meus 
olhos no autor

E consumador 
da minha fé

Você me chama 
pra caminhar

No firme fundamento 
do que não se vê

O real invisível

Que me faz ir 
além do que é tangível

Não pelo que vejo

Mas pelo que creio

Eu fixo os meus 
olhos no autor

E consumador 
da minha fé

Não pelo que vejo

Mas pelo que creio

Eu fixo os meus 
olhos no autor

E consumador 
da minha fé

Grava a eternidade 
em mim Jesus

Pois tudo é 
passageiro aqui

A recompensa 
é você

A minha 
recompensa é você

Grava a eternidade 
em mim Jesus

Pois tudo é 
passageiro aqui

A recompensa 
é você

A minha 
recompensa é você

Grava a eternidade 
em mim Jesus

Pois tudo é 
passageiro aqui

A recompensa 
é você

A minha 
recompensa é você

Não pelo que vejo

Mas pelo que creio

Eu fixo os meus 
olhos no autor

E consumador 
da minha fé

Eu fixo os meus 
olhos no autor

Eu fixo os meus 
olhos no autor

Eu fixo os meus 
olhos no autor

E consumador 
da minha fé","","1739737021746"
"f5a3fc5e-a2d3-4fdf-8055-e17620520b80","ae125cfd-96ef-4324-b1f0-f96a4f34eecf","Grande é o Senhor","Adhemar de Campos","ativo","2026-08-17T16:53:51.583865+00:00","Grande é o 
Senhor

E mui digno 
De louvor

Na cidade do 
Nosso Deus 
Seu Santo monte

Alegria de 
Toda terra

Grande é o 
Senhor

Em quem nós
Temos a vitória

E que nos ajuda
Contra o inimigo

Por isso 
Diante Dele
Nos prostramos

Queremos o 
Teu nome 
Engrandecer

E agradecer-Te

Por Tua obra
Em nossas vidas

Confiamos 
Em Teu 
Infinito amor

Pois só Tu és 
O Deus eterno

Sobre toda 
Terra e céus","","1590953609653"
"8cf3d1c4-bdf4-4ef2-8785-9c636aa9328d","ae125cfd-96ef-4324-b1f0-f96a4f34eecf","Diante de Ti","MORADA","ativo","2026-08-17T16:53:49.371934+00:00","Vem, Senhor
Encher este lugar

Vem, Senhor
Encher este lugar

Com Tua glória
Com Tua glória

Com Tua glória
Com Tua glória

Fala-me
Eu Quero Te ouvir

Toca-me, 
Eu Quero Te sentir

Vem e abraça-me
Vem e abraça-me

Vem e abraça-me
Vem e abraça-me

Todo dia é dia
De adorar ao Senhor

Eu conto os segundos
Só pra Te encontrar

Quando estou
Em Tua presença

Dá vontade de pular

Dá vontade de dançar

Dá vontade de gritar

Dá vontade de correr

Diante de Ti

Dá vontade de pular

Dá vontade de dançar

Dá vontade de gritar

Dá vontade de correr

Dá vontade de pular

Dá vontade de dançar

Em Tua presença, Senhor
Dá vontade de correr

De saltar de alegria
De Te conhecer, Deus

De erguer minhas mãos

E Te adorar, Senhor

Fala-me
Eu Quero Te ouvir

Toca-me, 
Eu Quero Te sentir

Vem e abraça-me
Vem e abraça-me

Vem e abraça-me
Vem e abraça-me

Todo dia é dia
De adorar ao Senhor

Eu conto os segundos
Só pra Te encontrar

Quando estou
Em Tua presença

Dá vontade de pular

Dá vontade de dançar

Dá vontade de gritar

Dá vontade de correr

Diante de Ti

Dá vontade de pular

Dá vontade de dançar

Dá vontade de gritar

Dá vontade de correr

Dá vontade de pular

Dá vontade de dançar

Em Tua presença, Senhor
Dá vontade de correr

De saltar de alegria
De Te conhecer, Deus

De erguer minhas mãos

E Te adorar, Senhor","","1776453215430"
"b891e230-3b3b-429f-b930-6469af111e8d","ae125cfd-96ef-4324-b1f0-f96a4f34eecf","Emaús","Morada","ativo","2026-08-17T16:53:50.04038+00:00","Quem é esse 
Que vem
Nos abraçando

Quem é esse 
Que vem

Nos 
Constrangendo
Com o olhar

Ele é tão sábio
Ensina em amor

Ele é tão manso

Cuida dos 
Corações

Quem é esse 
Que vem
Nos abraçando

Quem é esse 
Que vem

Nos 
Constrangendo
Com o olhar

Ele é tão sábio
Ensina em amor

Ele é tão manso

Cuida dos 
Corações

Ele entrou 
Em casa

Ele está na mesa
Ele nos observa

Sabe que 
O esperamos

E ao partir o pão

Os nossos olhos 
Se abrem

E reconhecemos
Quem Tu és

Ao som da 
Tua voz

Os nossos 
Corações

Queimam 
De amor

Queimam 
De amor

E ao partir o pão

Os nossos olhos 
Se abrem

E reconhecemos
Quem Tu és

Ao som da 
Tua voz

Os nossos 
Corações

Queimam 
De amor

Queimam 
De amor

Nós arrumamos 
A casa

Perfumamos 
Ela toda

Nós preparamos 
A mesa

Tome o lugar 
De honra

Ele entrou 
Em casa

Ele está na mesa
Ele nos observa

Sabe que 
O esperamos

E ao partir o pão

Os nossos olhos 
Se abrem

E reconhecemos
Quem Tu és

Ao som da 
Tua voz

Os nossos 
Corações

Queimam 
De amor

Queimam 
De amor

E ao partir o pão

Os nossos olhos 
Se abrem

E reconhecemos
Quem Tu és

Ao som da 
Tua voz

Os nossos 
Corações

Queimam 
De amor

Queimam 
De amor

Nós arrumamos 
A casa

Perfumamos 
Ela toda

Nós preparamos 
A mesa

Tome o lugar 
De honra

Nós arrumamos 
A casa

Perfumamos 
Ela toda

Nós preparamos 
A mesa

Tome o lugar 
De honra

Tome o lugar 
De honra

 

OH OH OH","","1596398287827"
"1d1c1307-4b1f-41ef-a1fe-2b5c268f94ea","ae125cfd-96ef-4324-b1f0-f96a4f34eecf","Eu Nasci de Novo","André Valadão","ativo","2026-08-17T16:53:50.666205+00:00","Senhor

Abre os meus
Olhos preciso ver

A realidade de 
Quem eu sou

Criado em Ti à 
Tua semelhança

Senhor

O meu passado 
Teu sangue apagou

Uma nova vida 
Me entregou

O Teu poder

Transforma 
Meu ser

De glória em glória

Eu nasci de novo
Nasci de novo 

Em Ti
Sou mais que vencedor

Eu nasci de novo
Nasci de novo

Faz-me ver assim 
Como sou

Senhor

Abre os meus
Olhos preciso ver

A realidade de 
Quem eu sou

Criado em Ti à 
Tua semelhança

Senhor

O meu passado 
Teu sangue apagou

Uma nova vida 
Me entregou

O Teu poder

Transforma 
Meu ser

De glória em glória

Eu nasci de novo
Nasci de novo 

Em Ti
Sou mais que vencedor

Eu nasci de novo
Nasci de novo

Faz-me ver assim 
Como sou

Eu nasci de novo
Nasci de novo 

Em Ti
Sou mais que vencedor

Eu nasci de novo
Nasci de novo

Faz-me ver assim 
Como sou

Contigo eu 
Fui crucificado

Morreu meu 
Velho homem

Escravo do pecado

E agora eu sou 
Livre em Ti

Não mais eu 
Mais Cristo

Vive em mim

Contigo eu 
Fui crucificado

Morreu meu 
Velho homem

Escravo do pecado

E agora eu sou 
Livre em Ti

Não mais eu 
Mais Cristo

Vive em mim

Eu nasci de novo
Nasci de novo 

Em Ti
Sou mais que vencedor

Eu nasci de novo
Nasci de novo

Faz-me ver assim 
Como sou

Uma nova 
Criação eu sou","","1646593839000"
"388dd7bc-49e5-4c87-9ce0-00669a3c2e4e","ae125cfd-96ef-4324-b1f0-f96a4f34eecf","Hino da Vitória","Gabriela Rocha","ativo","2026-08-17T16:53:51.878487+00:00","Quem é o homem
Que teve o poder

De andar sobre o mar

Quem é Ele que pode
Fazer o mar se calar

No momento em que
A tempestade vier te afogar

Ele vem com toda autoridade
E manda acalmar

Quem é homem que teve
O poder de fazer Israel

Caminhar por entre as
Águas do Mar Vermelho

Fez caminho 
no meio do mar

Para o povo 
de Israel passar

Do outro lado
com os pés enxutos

Puderam cantar 
o hino da vitória

Quando estiver frente ao mar
E não puder atravessar

Chame este homem com fé
Só Ele abre o mar

Não tenha medo, irmão
Se atrás vem Faraó

Deus vai te atravessar
E você vai entoar

O hino da vitória

Quem é o homem que teve 
o poder de fazer Israel

Caminhar por entre as 
águas do Mar Vermelho?

Fez caminho 
no meio do mar

Para o povo 
de Israel passar

Do outro lado
com os pés enxutos

Puderam cantar 
o hino da vitória

Quando estiver frente ao mar
E não puder atravessar

Chame este homem com fé
Só Ele abre o mar

Não tenha medo, irmão
Se atrás vem Faraó

Deus vai te atravessar
E você vai entoar

O hino da vitória

Toda vez que o Mar Vermelho
Tiver que passar

Chame logo este Homem
Para te ajudar

É nas horas mais difíceis
Que Ele mais te vê

Pode chamar este Homem
Que Ele tem poder

Se passares pelo fogo
Não vai te queimar

Se nas águas tu passares
Não vão te afogar

Faça como Israel
Que o mar atravessou

E no nome do Senhor
Um hino de vitória

Do outro lado cantou

Quando estiver frente ao mar
E não puder atravessar

Chame este homem com fé
Só Ele abre o mar

Não tenha medo, irmão
Se atrás vem Faraó

Deus vai te atravessar
E você vai entoar

O hino da vitória","","1769896219172"
"7a01933e-f0d0-4edb-ac37-4394619fd65b","ae125cfd-96ef-4324-b1f0-f96a4f34eecf","Jesus em Tua presença","Morada","ativo","2026-08-17T16:53:52.445225+00:00","Jesus em Tua 
Presença 

Reunimo-nos 
Aqui

Contemplamos 
Tua face 

E rendemo-nos 
A Ti

Pois um dia 
Sua morte trouxe 
Vida a todos nós

E nos deu 
Completo acesso 

Ao coração 
Do Pai

O véu que 
Separava 

Já não 
Separa mais

A luz que 
Outrora apagada

Agora brilha e 
Cada dia brilha mais

Só pra 
Te adorar

E fazer Seu 
Nome grande

E Te dar o louvor 
Que é devido

Estamos nós aqui

 Jesus em 
Tua presença 
Reunimo-nos aqui

Contemplamos 
Tua face

E rendemo-nos 
A Ti

Pois um dia 
Sua morte 

Trouxe vida 
A todos nós

E nos deu completo 
Acesso

Ao coração 
Do Pai

O véu que 
Separava 

Já não 
Separa mais

A luz que 
Outrora apagada

Agora brilha e 
Cada dia brilha 
Mais 

Só pra 
Te adorar

E fazer Seu 
Nome grande

E Te dar o louvor 
Que é devido

Estamos nós aqui

Só pra 
Te adorar

E fazer Teu 
Nome grande

E Te dar o louvor 
Que é devido

Estamos nós aqui

E o véu que 
Separava 

Já não 
Separa mais

A luz que 
Outrora apagada

Agora brilha e 
Cada dia brilha mais

Só pra 
Te adorar

E fazer Teu 
Nome grande

E Te dar o louvor 
Que é devido

Estamos nós aqui 

Só pra 
Te adorar

E fazer Teu 
Nome grande

E Te dar o louvor 
Que é devido

Estamos nós aqui","","1729455433082"
"072641aa-5c9b-4982-a5c8-6ab1151eacc3","ae125cfd-96ef-4324-b1f0-f96a4f34eecf","Diante da Cruz","Aline Barros","ativo","2026-08-17T16:53:49.236358+00:00","Ó Deus
Me sondas 

Conheces-me

Mesmo quando 
Falho

Eu sei
Me amas

Estás presente a 
Me cercar

Em todo tempo 

Eu sei, me amas
Eu sei, me amas

Prostro-me 
Diante da cruz

Vejo o sangue 
De Jesus

Nunca houve 
Amor assim

Sobre a morte 
Já venceu

Sua glória o 
Céu encheu

Nada irá 
Me separar

Tu és meu guia 
Meu protetor

Tua mão 
Me firma

Eu sei, me amas

Prostro-me 
Diante da cruz

Vejo o sangue 
De Jesus

Nunca houve 
Amor assim

Sobre a morte 
Já venceu

Sua glória o 
Céu encheu

Nada irá 
Me separar

Prostro-me 
Diante da cruz

Vejo o sangue 
De Jesus

Nunca houve 
Amor assim

Sobre a morte 
Já venceu

Sua glória o 
Céu encheu

Nada irá 
Me separar

O véu rasgou 
O caminho abriu

Tudo consumado 
Está

O véu rasgou 
O caminho abriu

Tudo consumado 
Está

E quando tudo 
Se acabar

Estarei seguro

Pois sei
Me amas

Pois sei
Me amas

Prostro-me 
Diante da cruz

Vejo o sangue 
De Jesus

Nunca houve 
Amor assim

Sobre a morte 
Já venceu

Sua glória o 
Céu encheu

Nada irá 
Me separar

Prostro-me 
Diante da cruz

Vejo o sangue 
De Jesus

Nunca houve 
Amor assim

Sobre a morte 
Já venceu

Sua glória o 
Céu encheu

Nada irá 
Me separar

O véu rasgou 
O caminho abriu

Tudo consumado 
Está

O véu rasgou 
O caminho abriu

Tudo consumado 
Está

O véu rasgou 
O caminho abriu

Tudo consumado 
Está

O véu rasgou 
O caminho abriu

Tudo consumado 
Está","","1670711863659"
"4c94923f-1a8c-487e-b55b-d58eef134f5d","ae125cfd-96ef-4324-b1f0-f96a4f34eecf","Filho do Deus Vivo","Nívea Soares","ativo","2026-08-17T16:53:51.321971+00:00","Oh oh oh 

Verbo vivo
Viveu entre nós

Filho do homem
Filho de Deus

Curando 
Os enfermos

Livrando 
Os cativos

Era chegado
O reino de Deus

Foi humilhado
Crucificado

Tão rejeitado
Pelos Seus

Ressuscitado
Glorificado

O inferno
E a morte 
Venceu

E agora quem 
Dizem que Tu És

Um profeta

Um agitador 
Qualquer

Teu Espírito 

Me revela quem 
Tu És

Ungido de Deus

Tu És o Cristo

Filho do 
Deus vivo

Sobre esta rocha 

Tua igreja está

Tu És o Cristo

Filho do 
Deus vivo

Rocha inabalável

Outro igual 
Não há

Igual não há

Oh oh oh 

Verbo vivo
Viveu entre nós

Filho do homem
Filho de Deus

Curando 
Os enfermos

Livrando 
Os cativos

Era chegado
O reino de Deus

Foi humilhado
Crucificado

Tão rejeitado
Pelos Seus

Ressuscitado
Glorificado

O inferno
E a morte 
Venceu

E agora quem 
Dizem que Tu És

Um profeta

Um agitador 
Qualquer

Teu Espírito 

Me revela quem 
Tu És

Ungido de Deus

Tu És o Cristo

Filho do 
Deus vivo

Sobre esta rocha 

Tua igreja está

Tu És o Cristo

Filho do 
Deus vivo

Rocha inabalável

Outro igual 
Não há

Tu És o Cristo

Filho do 
Deus vivo

Sobre esta rocha 

Tua igreja está

Tu És o Cristo

Filho do 
Deus vivo

Rocha inabalável

Outro igual 
Não há

Igual não há

Não há outro 
igual a Ti, Jesus

Não há outro 
igual a Ti, Jesus

Oh oh oh","","1595712648187"
"f16a5d33-5873-486a-a355-022dd3ffb4da","ae125cfd-96ef-4324-b1f0-f96a4f34eecf","Eu Sou Quem Dizes Que Eu Sou","Hillsong Em Português","ativo","2026-08-17T16:53:55.101831+00:00","Quem sou eu
Pra que o 
Grande Rei

Me receba assim

Me perdi e 
Ele me encontrou

Seu amor
Por mim

Seu amor
Por mim

Quem Deus 
Libertar

Livre enfim será

Sou filho 
De Deus

Sim eu sou

Sua graça 
Me resgatou

Me purificou

Quando eu era
Um pecador

Morreu por mim

Sim morreu 
Por mim

Quem Deus 
Libertar

Livre enfim será

Sou filho 
De Deus

Sim eu sou

Em Tua casa 
Oh Pai

Há um lugar 
Pra mim

Sou filho 
De Deus

Sim eu sou

Escolhido
Perdoado

Eu sou 
Quem dizes
Que eu sou

Tu és por mim
Até o fim

Eu sou 
Quem dizes
Que eu sou

Escolhido
Perdoado

Eu sou 
Quem dizes
Que eu sou

Tu és por mim
Até o fim

Eu sou 
Quem dizes
Que eu sou

Eu sou 
Quem dizes
Que eu sou

Quem Deus 
Libertar

Livre enfim será

Sou filho 
De Deus

Sim eu sou

Em Tua casa 
Oh Pai

Há um lugar 
Pra mim

Sou filho 
De Deus

Sim eu sou

Em Tua casa 
Oh Pai

Há um lugar 
Pra mim

Sou filho 
De Deus

Sim eu sou

Escolhido
Perdoado

Eu sou 
Quem dizes
Que eu sou

Tu és por mim
Até o fim

Eu sou 
Quem dizes
Que eu sou

Escolhido
Perdoado

Eu sou 
Quem dizes
Que eu sou

Tu és por mim
Até o fim

Eu sou 
Quem dizes
Que eu sou

Escolhido
Perdoado

Eu sou 
Quem dizes
Que eu sou

Tu és por mim
Até o fim

Eu sou 
Quem dizes
Que eu sou

Escolhido
Perdoado

Eu sou 
Quem dizes
Que eu sou

Tu és por mim
Até o fim

Eu sou 
Quem dizes
Que eu sou

Eu sou 
Quem dizes
Que eu sou

Sim eu sou 
Quem dizes 
Que eu sou

Quem Deus 
Libertar

Livre enfim será

Sou filho 
De Deus

Sim eu sou

Em Tua casa 
Oh Pai

Há um lugar 
Pra mim

Sou filho 
De Deus

Sim eu sou","","1622391464651"
"24042c13-fbe6-48c3-90a7-926fa644905e","ae125cfd-96ef-4324-b1f0-f96a4f34eecf","Não Seremos Abalados","Nívea Soares","ativo","2026-08-17T16:53:53.470199+00:00","Confiando em 
Nosso Deus

E em Seu 
Eterno amor

Não seremos 
Abalados

Não seremos 
Abalados

Não seremos 
Abalados

Na batalha 
Permaneceremos Em fé

Se exércitos 
Se erguerem Contra nós

Não seremos 
Abalados

Não seremos 
Abalados

Não seremos 
Abalados

Quando vier a 
Intensa escuridão

Não temerá o 
Nosso coração

A esperança 
Nasce como A luz

Deus é por nós
Ele é o vencedor

Confiando em 
Nosso Deus

E em Seu 
Eterno amor

Não seremos 
Abalados

Não seremos 
Abalados

Não seremos 
Abalados

Confiando em 
Nosso Deus

E em Seu 
Eterno amor

Não seremos 
Abalados

Não seremos 
Abalados

Não seremos 
Abalados

Seus inimigos cairão

Nosso Deus é 
Mais forte

Tudo Ele pode

Mais alto nome 
Não há

Jesus é 
Grandioso

Tudo Ele pode

Seus inimigos cairão

Pois nosso Deus 
É mais forte

Tudo Ele pode

Mais alto nome 
Não há

Jesus é 
Grandioso

Tudo Ele pode

Confiando em 
Nosso Deus

E em Seu 
Eterno amor

Não seremos 
Abalados

Não seremos 
Abalados

Não seremos 
Abalados

Confiando em 
Nosso Deus

E em Seu 
Eterno amor

Não seremos 
Abalados

Não seremos 
Abalados

Não seremos 
Abalados","","1592764104964"
"dfe700dc-8307-4387-8fac-376466312cca","ae125cfd-96ef-4324-b1f0-f96a4f34eecf","Santo Pra Sempre","Brasa Church","ativo","2026-08-17T16:53:55.647558+00:00","As muitas gerações

Rendidas em louvor

Cantando ao 
Cordeiro uma canção

Os que em 
Ti se foram

E os que 
Hão de crer

Cantando ao 
Cordeiro uma canção

Teu nome é 
O mais alto

Teu nome é 
O maior

Teu nome é 
Sobre todos

Os tronos e domínios

Governos e poderes

O Teu nome é 
Sobre todos

E os anjos clamam 
Santo

Toda criação 
Santo

Exaltado és
Santo

Santo pra sempre

Quem foi perdoado
E redimido foi

Cante ao cordeiro 
Uma canção

Aquele que é livre 
E leva o Seu nome

Cante ao cordeiro 
Uma canção

Cantaremos pra 
Sempre amém

E os anjos clamam 
Santo

Toda criação
Santo

Exaltado és
Santo

Santo pra sempre

O Teu povo canta
Santo

Sim, ao rei 
Dos reis Santo

Tu sempre serás 
Santo

Santo pra sempre

Teu nome é 
O mais alto

Teu nome é 
O maior

Teu nome é 
Sobre todos

Os tronos e domínios

Governos e poderes

O Teu nome é 
Sobre todos

Teu nome é 
O mais alto

Teu nome é 
O maior

Teu nome é 
Sobre todos

Os tronos e domínios

Governos e poderes

O Teu nome é 
Sobre todos

E os anjos clamam 
Santo

Toda criação
Santo

Exaltado és
Santo

Santo pra sempre

O Teu povo canta
Santo

Sim, ao rei 
Dos reis Santo 

Tu sempre serás 
Santo

Santo pra sempre","","1733961339003"
"23e97799-b2d2-467f-8ca0-7d59332f415b","ae125cfd-96ef-4324-b1f0-f96a4f34eecf","Nosso Deus","Gui Rebustini","ativo","2026-08-17T16:53:53.550595+00:00","Água em vinho tornou

Os olhos dos 
Cegos abriu

Não há outro igual
Igual a Deus

Dentro da noite brilhou

Das cinzas nos 
Fez ressurgir

Não há outro igual
Igual a Deus

Deus Tu és grande
És invencível

Mais elevado que 
Qualquer outro

Tu és a cura
Grande em poder

Nosso Deus
Nosso Deus

Dentro da noite brilhou

Das cinzas nos 
Fez ressurgir

Não há outro igual
Igual a Deus

Deus Tu és grande
És invencível

Mais elevado que 
Qualquer outro

Tu és a cura
Grande em poder

Nosso Deus
Nosso Deus

Deus Tu és grande
És invencível

Mais elevado que 
Qualquer outro

Tu és a cura
Grande em poder

Nosso Deus
Nosso Deus

Não há o que temer

Se Deus está conosco
Quem pode nos deter

Se Deus está conosco
Não há o que temer

Se Deus está conosco
Quem pode nos deter

Se Deus esta conosco
Não há o que temer

Ôôô ôôô ôôô

Não há o que temer

Ôôô ôôô ôôô

Deus Tu és grande
És invencível

Mais elevado que 
Qualquer outro

Tu és a cura
Grande em poder

Nosso Deus
Nosso Deus

Deus Tu és grande
És invencível

Mais elevado que 
Qualquer outro

Tu és a cura
Grande em poder

Nosso Deus
Nosso Deus

Se Deus está conosco
Quem pode nos deter

Se Deus está conosco
Não há o que temer

Se Deus está conosco
Quem pode nos deter

Se Deus está conosco
Não há o que temer

Ôôô ôôô ôôô

Não há o que temer

Ôôô ôôô ôôô","","1679169846065"
"d0383fc4-553d-4bc5-a51f-068c1697dc93","ae125cfd-96ef-4324-b1f0-f96a4f34eecf","Vim Para Adorar-Te / Estou Só / Digno","MORADA","ativo","2026-08-17T16:53:57.442437+00:00","Luz do mundo
Vieste à terra

Pra que eu 
Pudesse Te ver

Tua beleza me 
Leva a adorar-Te

Quero contigo viver

Vim para adorar-te

Vim para 
Prostrar-me

Vim para dizer 
Que és meu Deus

És totalmente amável

Totalmente digno

Tão maravilhoso

Para mim

Vim para adorar-te

Vim para 
Prostrar-me

Vim para dizer 
Que és meu Deus

És totalmente amável

Totalmente digno

Tão maravilhoso

Para mim

Eu nunca 
Saberei o preço

Dos meus pecados 
Lá na cruz

Eu nunca 
Saberei o preço

Dos meus pecados 
Lá na cruz

Vim para adorar-te

Vim para 
Prostrar-me

Vim para dizer 
Que és meu Deus

És totalmente amável

Totalmente digno

Tão maravilhoso

Para mim

Vim para adorar-te

Vim para 
Prostrar-me

Vim para dizer 
Que és meu Deus

És totalmente amável

Totalmente digno

Tão maravilhoso

Para mim

Eu nunca 
Saberei o preço

Dos meus pecados 
Lá na cruz

Eu nunca 
Saberei o preço

Dos meus pecados 
Lá na cruz

Anjos e querubins 
Estão no Teu trono

E uma nuvem de glória

E uma nuvem de glória

Anjos e querubins 
Estão no Teu trono

E uma nuvem de glória

E uma nuvem de glória

Tu és santo

Tu és santo

Tu és santo

Aquele que venceu a morte
Santo, santo, santo!

Aquele que ressuscitou
Santo, santo, santo!

Aquele que é o Senhor
Santo, santo, santo!

Leão da tribo de Judá
Santo, santo, santo!

Raiz de Davi
Santo, santo, santo!

Estrela da manhã
Santo, santo, santo!

O cavaleiro do cavalo branco
Santo, santo, santo!

Seus olhos como
Chamas de fogo

Santo, santo, santo!

Na sua boca uma espada afiada
Santo, santo, santo!

Que está vestido 
Com manto de sangue

Santo, santo, santo!

Em sua coxa está escrito

Rei dos reis
Senhor dos senhores

Rei dos reis
Senhor dos senhores

Rei dos reis","","1772396577411"
"721ebc11-9252-4cf5-bf1d-1b30f37777d6","ae125cfd-96ef-4324-b1f0-f96a4f34eecf","Quebra o silêncio","Fhop","ativo","2026-08-17T16:53:54.954919+00:00","Me atraiu a 
Um deserto

Foi você quem 
Me disse

Que falaria 
Ao meu coração

Bendito seja o 
Senhor minha rocha

E fortaleza

Que me faz entender

Que não é 
Por força

Nem violência

Mas é pelo 
Teu Espírito

Então vem
Então vem
Então vem

Então vem
Então vem
Então vem

Então vem

Quebra o silêncio
Vem sobre as montanhas

Vem vencer 
Meu coração

Você tem liberdade

Nessa guerra interna

No final sou 
Eu e você

Me atraiu a 
Um deserto

Foi você quem 
Me disse

Que falaria ao 
Meu coração

Bendito seja o 
Senhor minha rocha

E fortaleza

Que me faz entender

Que não é 
Por força
Nem violência

Mas é pelo 
Teu Espírito

Então vem
Então vem
Então vem

Então vem
Então vem
Então vem

Então vem

Quebra o silêncio
Vem sobre as montanhas

Vem vencer 
Meu coração

Você tem liberdade

Nessa guerra interna

No final sou 
E e você

Aqui que eu venço 
Os meus gigantes

Minhas mãos são 
Preparadas pra batalha

E eu entendo que 
Já venci essa guerra

Aqui que eu venço 
Os meus gigantes

Minhas mãos são 
Preparadas pra batalha

E eu entendo que 
Já venci essa guerra

Aqui que eu venço 
Os meus gigantes

Minhas mãos são 
Preparadas pra batalha

E eu entendo que 
Já venci essa guerra

Aqui que eu venço 
Os meus gigantes

Minhas mãos são 
Preparadas pra batalha

E eu entendo que 
Já venci essa guerra

Quebra o silêncio
Vem sobre as montanhas

Vem vencer 
Meu coração

Você tem liberdade

Nessa guerra interna

No final sou 
Eu e você

Por trás dessa face

Destrói o que 
Impede o amor

Por trás dessa face

Destrói o que 
Impede o amor","","1739656819140"
"9644905f-0fb0-49e0-b9e3-55beb5633c1a","ae125cfd-96ef-4324-b1f0-f96a4f34eecf","Vem Me Buscar","Jefferson & Suellen","ativo","2026-08-17T16:53:57.046083+00:00","És adorado 
Entre nós

Tão desejado 
Aqui

Mas nada se 
Comparará

Com a glória que 
Há de vir, oh

Eu não sou daqui
Pra casa voltarei

Ele vem 
Me buscar 

E com Ele 
Eu irei

Eu não sou daqui
Pra casa voltarei

Ele vem 
Me buscar 

E com Ele 
Eu irei

Yeshua

O Messias 
Aguardado

Ele vem 
Me buscar

Yeshua

O Messias 
Aguardado

Ele vem 
Me buscar

És adorado 
Entre nós

Tão desejado 
Aqui

Mas nada se 
Comparará

Com a glória que 
Há de vir, oh

Eu não sou daqui
Pra casa voltarei

Ele vem 
Me buscar 

E com Ele 
Eu irei

Eu não sou daqui
Pra casa voltarei

Ele vem 
Me buscar

E com Ele 
Eu irei

Yeshua

O Messias 
Aguardado

Ele vem 
Me buscar

Yeshua 

O Messias 
Aguardado

Ele vem 
Me buscar

Em breve Jesus

No céu vai 
Aparecer

E todo joelho 
Se dobrará

E toda língua 
Confessará

Mas a 
Igreja será 
Arrebatada

Num piscar 
De olhos 
Acontecerá

Mas a 
Igreja será 
Arrebatada

Num piscar 
De olhos 
Acontecerá

Yeshua

Yeshua

Yeshua

Yeshua

Mas a 
Igreja será 
Arrebatada

Num piscar 
De olhos 
Acontecerá

Mas a 
Igreja será 
Arrebatada

Num piscar 
De olhos 
Acontecerá

Yeshua

O Messias 
Aguardado

Ele vem 
Me buscar

Yeshua

 O Messias 
Aguardado

Ele vem 
Me buscar

Mas a 
Igreja será 
Arrebatada

Num piscar 
De olhos 
Acontecerá

Mas a 
Igreja será 
Arrebatada

Num piscar 
De olhos 
Acontecerá 

Yeshua

O Messias 
Aguardado

Ele vem 
Me buscar

Yeshua

O Messias 
Aguardado

Ele vem 
Me buscar

Yeshua 

O Messias 
Aguardado

Ele vem 
Me buscar

Yeshua 

O Messias 
Aguardado

Ele vem 
Me buscar","","1678572231891"
"aa1189ea-7fe2-4a6f-a045-7129702cb7db","ae125cfd-96ef-4324-b1f0-f96a4f34eecf","Livre!","MORADA","ativo","2026-08-17T16:53:52.600091+00:00","Juntos vamos dizer

Que o mal 
não tem poder

Pois temos 
vida em Jesus

Correntes
quebrarão

Os muros cairão

A fé em Cristo 
nos conduz

O perdido 
encontrou o lar

Sim o Salvador 
vamos celebrar

Damos louvor

Damos louvores

Pois o Filho 
já nos libertou

Por isso 
hoje sou livre

Na-na, na-na
na-na-na-na

Na-na, na-na
na-na-na-na

Na-na, na-na
na-na-na-na

Livre

Na-na, na-na
na-na-na-na

Na-na, na-na
na-na-na-na

Na-na, na-na
na-na-na-na

Atrás não voltarei

Contigo seguirei

Em graça 
Tu me guiarás

Por isso entrego a Ti

Tudo o que 
está por vir

Sei que um 
caminho Tu farás

O perdido 
encontrou o lar

Sim o Salvador 
vamos celebrar

Damos louvor

Damos louvores

Pois o Filho 
já nos libertou

Por isso 
hoje sou 

Damos louvor

Damos louvores

Pois o Filho 
já nos libertou

Por isso 
hoje sou livre

Na-na, na-na
na-na-na-na

Na-na, na-na
na-na-na-na

Na-na, na-na
na-na-na-na

Livre

Na-na, na-na
na-na-na-na

Na-na, na-na
na-na-na-na

Na-na, na-na
na-na-na-na

Medo, vergonha e 
depressão se vão

O Espírito habita 
em meu interior

Fé e paz tenho 
em meu coração

A minha vida é 
para a glória do Senhor

Medo, vergonha e 
depressão se vão

O Espírito habita 
em meu interior

Fé e paz tenho 
em meu coração

A minha vida é 
para a glória do Senhor

Damos louvor

Damos louvores

Pois o Filho
 já nos libertou

Por isso 
hoje sou livre

Na-na, na-na
na-na-na-na

Na-na, na-na
na-na-na-na

Na-na, na-na
na-na-na-na

Em Cristo sou livre

Na-na, na-na
na-na-na-na

Na-na, na-na
na-na-na-na

Na-na, na-na
na-na-na-na

Quem o Filho libertou, livre

Na-na, na-na
na-na-na-na

Na-na, na-na
na-na-na-na

Na-na, na-na
na-na-na-na

Em Cristo sou livre

Na-na, na-na
na-na-na-na

Na-na, na-na
na-na-na-na

Na-na, na-na
na-na-na-na

Livre","","1783632656207"
"38938782-bbac-472b-8e3f-271c4ad0d140","ae125cfd-96ef-4324-b1f0-f96a4f34eecf","Um Novo Dia","Get Worship, Melk Villar e Vinicius Cruz","ativo","2026-08-17T16:53:56.799605+00:00","Pela graça
Estou sendo curado

Pouco a pouco
Sendo transformado

Perfeito não sou
Contudo sou grato

Tenho lutas
Mas eu não desisto

Com coragem sigo vencendo

Perfeito não sou
Contudo sou grato

Um novo dia recebi
Pra Te amar

E me trouxe até aqui
Para testemunhar

O que posso dizer
Senão aleluia?

Sou grato, Cristo
Sou grato, Cristo

Sou grato, Cristo
Novo dia recebi, recebi

Quando a noite
Se aproximava

Quase sem esperança
Eu estava

Minha mão segurou
Por isso sou grato

Quando no fogo
Eu fui lançado

El Shaddai
Você estava ao meu lado

Nunca me deixou
Por isso sou grato

Um novo dia recebi
Pra Te amar

E me trouxe até aqui
Para testemunhar

O que posso dizer
Senão aleluia?

Sou grato, Cristo
Sou grato, Cristo

Sou grato, Cristo
Novo dia recebi, recebi

Meu Senhor
Eu só quero adorá-Lo

Você é tudo, é tudo
É tudo para mim

Meu Senhor
Eu só quero adorá-Lo

Você é tudo, é tudo
É tudo para mim

Meu Senhor
Eu só quero adorá-Lo

Você é tudo, é tudo
É tudo para mim

Meu Senhor
Eu só quero adorá-Lo

Você é tudo, é tudo
É tudo para mim","","1786223332928"
"4f73b4cf-c2c9-4865-be02-328a055d27bd","ae125cfd-96ef-4324-b1f0-f96a4f34eecf","Vida Aos Sepulcros","Gabriela Rocha","ativo","2026-08-17T16:53:57.285195+00:00","No mundo 
Busquei

Mas não 
Preencheu-me

Canções 
Tão vazias

Tesouros que 
Um dia

Se consumarão

Então Você veio

E me trouxe 
Pra perto

E todo desejo

É satisfeito
Em Seu amor

Não há nada
Nada melhor

Não há nada
Nada melhor

Não há nada
Nada melhor

Que meu Deus

Não tenho medo

De expor minhas
Fraquezas

Defeitos e 
Falhas

Não vou 
Esconder

Um amigo 
Encontrei

O Deus das 
Montanhas

É o Deus 
Dos vales

E não há lugar

Que a Sua graça

Não possa 
Me achar

Não há nada
Nada melhor

Não há nada
Nada melhor

Não há nada
Nada melhor

Que meu Deus

Não há nada
Nada melhor

Não há nada
Nada melhor

Não há nada
Nada melhor

Que meu Deus

Torna o luto 
Em festa

A vergonha 
Em glória

Traz beleza 
Ás cinzas

O Senhor 
Pode fazer

Traz a vida 
Aos sepulcros

Faz de ossos 
Soldados

Faz no mar 
Um caminho

O Senhor 
Pode fazer

Só o Senhor
Pode fazer

Não há nada
Nada melhor

Não há nada
Nada melhor

Não há nada
Nada melhor

Que meu Deus

Não há nada
Nada melhor

Não há nada
Nada melhor

Não há nada
Nada melhor

Que meu Deus

Traz a vida 
Aos sepulcros

Faz de ossos 
Soldados

Faz no mar 
Um caminho

O Senhor 
Pode fazer

Só o Senhor
Pode fazer

O Senhor 
Pode fazer","","1621797857062"
"0066437c-29d8-424a-80b2-a4b9436ceb57","ae125cfd-96ef-4324-b1f0-f96a4f34eecf","Tua Alegria","DROPS","ativo","2026-08-17T16:53:47.378445+00:00","Tua alegria
É força do meu coração
Dono dos meus dias és
Meu Rei, minha canção

Junto a Ti é o meu lugar
Tu és minha casa
Minha morada
E eu sou Teu lar

Se no alto monte
Ou no fundo vale

Me lembrarei
Eu tenho um pastor
Que nunca falhou

E não há um dia sequer
Que o Senhor não seja bom
O Senhor é sempre bom

E não há um dia sequer
Que o Senhor não seja bom

Ainda que a vide
Não dê o seu fruto
Mesmo que não haja
Alimento nos campos

Em Ti, Senhor
Eu me alegrarei

Tu tens minha força
E o meu coração
Todos os meus dias
Estão em Tuas mãos

Em Ti, Senhor
Eu me alegrarei

Junto a Ti é o meu lugar
Tu és minha casa
Minha morada
E eu sou Teu lar

Se no alto monte
Ou no fundo vale

Me lembrarei
Eu tenho um pastor
Que nunca falhou

Me lembrarei
Eu tenho um pastor
Que não falhará

E não há um dia sequer
Que o Senhor não seja bom
O Senhor é sempre bom
E não há um dia sequer
Que o Senhor não seja bom

Ainda que a vide
Não dê o seu fruto
Mesmo que não haja
Alimento nos campos

Em Ti, Senhor
Eu me alegrarei

Tu tens minha força
E o meu coração
Todos os meus dias
Estão em Tuas mãos

Em Ti, Senhor
Eu me alegrarei

Eu creio em Ti
Minha esperança és
O Teu amor me guarda
Por onde eu for

Ainda que a vide
Não dê o seu fruto
Mesmo que não haja
Alimento nos campos

Em Ti, Senhor
Eu me alegrarei

Tu tens minha força
E o meu coração
Todos os meus dias
Estão em Tuas mãos

Em Ti, Senhor
Eu me alegrarei

Eu me alegrarei
Eu me alegrarei","","1786970538364"
"67328928-2a28-4b79-8169-4418d37d62ec","ae125cfd-96ef-4324-b1f0-f96a4f34eecf","A Casa é Sua","Casa Worship","ativo","2026-08-17T16:53:47.227645+00:00","Você é bem-vindo
Aqui

A casa é Sua
Pode entrar

Me esvazio 
De mim

Me esvazio 
De mim

Sopra o Teu 
Vento aqui

Toma o Teu trono 
Vem reinar

Nós queremos 
Te ouvir

Nós queremos 
Te ouvir

Essa casa é 
Sua casa

Nós deixamos ela 
Pra você, Jesus

Essa casa é 
Sua casa

Nós deixamos ela 
Pra você, Jesus 

Essa casa é 
Sua casa

Nós deixamos ela 
Pra você, Jesus 

Essa casa é 
Sua casa

Nós deixamos ela 
Pra você, Jesus

Apareça, que o 
Teu nome cresça

Enche este lugar
Enche este lugar

Apareça, que o 
Teu nome cresça

Vem me incendiar
Vem me incendiar

Apareça, que o 
Teu nome cresça

Enche este lugar
Enche este lugar

Apareça, que o 
Teu nome cresça

Vem me incendiar
Vem me incendiar

Essa casa é 
Sua casa

Nós deixamos ela 
Pra você, Jesus

Essa casa é 
Sua casa

Nós deixamos ela 
Pra você, Jesus 

Essa casa é 
Sua casa

Nós deixamos ela 
Pra você, Jesus

Essa casa é 
Sua casa

Nós deixamos ela 
Pra você, Jesus

Apareça, que o 
Teu nome cresça

Enche este lugar
Enche este lugar

Apareça, que o 
Teu nome cresça

Vem me incendiar
Vem me incendiar

Apareça, que o 
Teu nome cresça

Enche este lugar
Enche este lugar

Apareça, que o 
Teu nome cresça

Vem me incendiar
Vem me incendiar

Essa casa é 
Sua casa

Nós deixamos ela 
Pra você, Jesus

Essa casa é 
Sua casa

Nós deixamos ela 
Pra você, Jesus 

Essa casa é 
Sua casa

Nós deixamos ela 
Pra você, Jesus 

Essa casa é 
Sua casa

Nós deixamos ela 
Pra você, Jesus 

Essa casa é 
Sua casa

Nós deixamos ela 
Pra você, Jesus

Apareça, que o 
Teu nome cresça

Enche este lugar
Enche este lugar

Apareça, que o 
Teu nome cresça

Vem me incendiar
Vem me incendiar

Apareça, que o 
Teu nome cresça

Enche este lugar
Enche este lugar

Apareça, que o 
Teu nome cresça

Vem me incendiar
Vem me incendiar 

Essa casa é 
Sua casa

Nós deixamos ela 
Pra você, Jesus","","1590951664838"
"5b3f77f1-0e1a-43ce-9fe6-78b599cfe129","ae125cfd-96ef-4324-b1f0-f96a4f34eecf","Acredito","New Boys","ativo","2026-08-17T16:53:47.543667+00:00","Nestes dias de 
Desespero 

incerteza 
E medo há

Em uma salvação 
Eu creio

creio em Ti, 
Creio em Ti

Acredito em 
Jesus Cristo 

acredito 
Em Deus, o Pai

Acredito no 
Santo Espírito

Que nos vida 
nova traz

Acredito na cruz 
De Cristo

 em que A morte 
enfim venceu

Acredito que ressurreto

Muito em breve
voltará

Creio em Ti

Que nossa fé não 
sejam Hinos 

apenas notas 
Em canções

E mesmo em tentações 
E fraco 

creio em Ti, 
Creio em Ti

Acredito em 
Jesus Cristo 

acredito 
Em Deus, o Pai

Acredito no 
Santo Espírito

Que nos vida 
nova traz

Acredito na cruz 
De Cristo

 em que A morte 
enfim venceu

Acredito que 
ressurreto

Muito em breve
voltará

O perdido encontrou 
Perdão 

pois agora, 
Aqui, o amor venceu

E que a igreja viva 
Este amor 

creio em Ti, 
Creio em Ti

E as cadeias não 
Prevalecerão 

poiS O véu rasgou 
E veio ao chão

Seu amor não voltará 
Em vão

creio em Ti, 
Creio em Ti

Acredito em 
Jesus Cristo

Acredito em 
Deus, o Pai

Acredito no 
Santo Espírito

Que nos vida nova traz

Acredito na cruz 
De Cristo 

e que A morte 
enfim venceu

Acredito que
Ressurreto 

muito Em breve vai

Em breve voltará
Em breve voltará

Creio em Ti","","1607176325980"
"d665f45a-15e5-41cd-9616-294c039ff46a","ae125cfd-96ef-4324-b1f0-f96a4f34eecf","Aliança, Nele Você Pode Confiar","","ativo","2026-08-17T16:53:47.712129+00:00","Como é precioso irmão
Estar bem junto a ti

E juntos lado a lado
Andarmos com Jesus

E expressarmos o amor
Que um dia Ele nos deu

Pelo sangue do calvário
Sua vida trouxe a nós

A aliança do Senhor
Eu tenho com você

Não existem mais 
barreiras em meu ser

Eu sou livre pra te amar

Pra te aceitar
e para te pedir

Perdoa-me irmão

Eu sou um 
Com você

No amor do 
nosso Pai

Somos um no 
amor de Jesus

Eu sou um 
Com você

No amor do 
nosso Pai

Somos um no 
amor de Jesus

Conheci um grande amigo
Ele é filho de Deus pai

O seu nome é Jesus Cristo
E nele a gente pode confiar

A gente pode, pode confiar

Jesus, Jesus

E nele a gente pode confiar
A gente pode, pode confiar

Jesus, Jesus

Nele a gente pode confiar
A gente pode, pode confiar

Você só pode ser feliz
Tendo Jesus no coração

Você só pode ser feliz
Tendo Jesus no coração

Você só pode ser feliz
Tendo Jesus no coração

Você só pode ser feliz
Tendo Jesus no coração

Jesus, Jesus

Nele a gente pode confiar
A gente pode, pode confiar

Jesus, Jesus

Nele a gente pode confiar
A gente pode, pode confiar","",""
"ef53ae71-e9b8-4515-92ab-cc8cc8e6ce1c","ae125cfd-96ef-4324-b1f0-f96a4f34eecf","Até que o Senhor venha","Ministerio zoe","ativo","2026-08-17T16:53:47.862191+00:00","Oh, se você 
Rasgar o céu

Apenas mais 
Uma vez

Oh, se você 
Descer e fizer

Teus grandes 
Feitos de novo

Como nos 
Tempos passados

Mostra Teu 
Braço forte

Oh
Grande rei

Mostra a 
Essa geração

Teus prodígios 
E sinais

Vem mais 
Uma vez e 
Faz tudo novo

Vem mais 
Uma vez e agita 
Todo o meu ser

Faz a eternidade 
Se alinhar com 
O natural

E da terra
Nós que somos 
Pó clamamos

Aviva-nos 
Aviva-nos

Aviva-nos Senhor

Fere o 
Meu coração

Com uma ferida 
De fome por Ti

Fere o 
Meu coração

Com uma ferida 
De sede por Ti

Ensina-me a 
Clamar e a 
Suplicar

Até que o 
Senhor venha

Fere o 
Meu coração

Com uma ferida 
De fome por Ti

Fere o 
Meu coração

Com uma ferida 
De sede por Ti

Ensina-me a 
Clamar e a 
Suplicar

Até que o 
Senhor venha

Até que o 
Senhor venha

Eu vou clamar

Até que o 
Senhor venha

Eu não vou 
Descansar

Até que o 
Senhor venha

Eu vou gastar 
A minha vida

Diante do 
Teu altar, Deus

Diante do 
Teu altar

Até que o 
Senhor venha

Eu vou clamar

Até que o 
Senhor venha

Eu não vou 
Descansar

Até que o 
Senhor venha

Eu vou gastar 
A minha vida

Diante do 
Teu altar, Deus

Diante do 
Teu altar

Fere o meu 
Coração

Com uma ferida 
De fome por Ti

Fere o meu 
Coração

Com uma ferida 
De sede por Ti
Deus

Ensina-me a
Clamar e a 
Suplicar

Até que o 
Senhor venha

Até que o 
Senhor venha

Eu vou clamar

Até que o 
Senhor venha

Eu não vou 
Descansar

Até que o 
Senhor venha

Eu vou gastar 
A minha vida

Diante do 
Teu altar, Deus

Diante do 
Teu altar

Até que o 
Senhor venha

Eu vou clamar

Até que o 
Senhor venha

Eu não vou 
Descansar

Até que o 
Senhor venha

Eu vou gastar 
A minha vida

Diante do 
Teu altar, Deus

Diante do 
Teu altar","","1700420736669"
"008654d8-e8b0-4013-8a13-72763965dbd4","ae125cfd-96ef-4324-b1f0-f96a4f34eecf","Batendo á Porta","Fhop music","ativo","2026-08-17T16:53:47.935618+00:00","Haverá um dia
Que Ele descerá

Haverá um dia
Que o céu se rasgará

E até lá 
Cantarei

Até lá 
Proclamarei

As Suas 
Verdades

As Suas 
Promessas

Haverá um dia

Que a Terra 
Se abalará

Haverá um dia

Que o Noivo 
Se casará

E até lá cantarei

Até la 
Proclamarei

As Suas 
Verdades

As Suas 
Promessas

Nós não pararemos 
De clamar

Até que o 
Reino de justiça

Venha à Terra

E o justo 
Governe

Nós não pararemos 
De clamar

Até que o 
Reino de justiça

Venha à Terra

E o justo 
Governe

Nós não pararemos 
De clamar

Até que o 
Reino de justiça

Venha à Terra

E o justo 
Governe

Nós não pararemos 
De clamar

Até que o 
Reino de justiça

Venha à Terra

E o justo 
Governe

Estamos batendo 
Á porta

Estamos enchendo 
As taças

Até que Tu venhas
Com Tua justiça

Estamos batendo 
Á porta

Estamos enchendo 
As taças

Até que Tu venhas
Com Tua justiça

Estamos batendo 
Á porta

Estamos enchendo 
As taças

Até que Tu venhas
Com Tua justiça

Estamos batendo 
Á porta

Estamos enchendo 
As taças

Até que Tu venhas
Com Tua justiça

Ele veio como 
Um Cordeiro

Ele veio como 
Um Redentor

Ele virá 
Pra governar

O Cordeiro 
Reinará

Ele veio como 
Um Cordeiro

Ele veio como 
Um Redentor

Ele virá 
Pra governar

O Cordeiro 
Reinará

Ele veio como 
Um Cordeiro

Ele veio como 
Um Redentor

Ele virá 
Pra governar

O Cordeiro 
Reinará

Ele veio como 
Um Cordeiro

Ele veio como 
Um Redentor

Ele virá 
Pra governar

O Cordeiro 
Reinará

Estamos batendo 
Á porta

Estamos enchendo 
As taças

Até que Tu venhas
Com Tua justiça

Estamos batendo 
Á porta

Estamos enchendo 
As taças

Até que Tu venhas
Com Tua justiça

Nós não pararemos 
De clamar

Até que o 
Reino de justiça

Venha à Terra

E o justo 
Governe

Nós não pararemos 
De clamar

Até que o 
Reino de justiça

Venha à Terra

E o justo 
Governe","","1708806234348"
"ae25b8a5-27c2-45b7-9551-30da8d786dbc","ae125cfd-96ef-4324-b1f0-f96a4f34eecf","Caminho No Deserto","Nívea Soares","ativo","2026-08-17T16:53:48.403657+00:00","Estás aqui
Movendo entre nós

Te adorarei
Te adorarei

Estás aqui
Mudando destinos

Te adorarei
Te adorarei

Estás aqui
Operando milagres

Te adorarei
Te adorarei

Estás aqui
Transformando
Nossas vidas

Te adorarei
Te adorarei

Meu Deus é
Deus de milagres

Deus de promessas

Caminho no deserto
Luz na escuridão

Meu Deus
Esse é quem 
Tu és

Meu Deus é
Deus de milagres

Deus de promessas

Caminho no deserto
Luz na escuridão

Meu Deus
Esse é quem 
Tu és

Estás aqui
Tocando os corações

Te adorarei
Te adorarei

Estás aqui
Curando multidões

Te adorarei
Te adorarei

Estás aqui
Restaurando 
Os corações

Te adorarei
Te adorarei

Estás aqui
Transformando 
Histórias

Te adorarei
Te adorarei

Meu Deus é
Deus de milagres

Deus de promessas

Caminho no deserto
Luz na escuridão

Meu Deus
Esse é quem 
Tu és

Meu Deus é
Deus de milagres

Deus de promessas

Caminho no deserto 
Luz na escuridão

Meu Deus
Esse é quem 
Tu és

Meu Deus é
Deus de milagres

Deus de promessas

Caminho no deserto
Luz na escuridão

Meu Deus
Esse é quem 
Tu és

Meu Deus é
Deus de milagres

Deus de promessas

Caminho no deserto
Luz na escuridão

Meu Deus
Esse é quem 
Tu és

Esse é quem 
Tu és

Enxuga 
As lágrimas

Restaura 
Os corações

Tu és a resposta
Jesus

Enxuga 
As lágrimas

Restaura 
Os corações

Tu és a resposta
Jesus

Enxuga 
As lágrimas

Restaura 
Os corações

Tu és a resposta
Jesus

Enxuga 
As lágrimas

Restaura 
Os corações

Tu és a resposta
Jesus

Deus de milagres
Deus de promessas

Caminho no deserto
Luz na escuridão

Meu Deus
Esse é quem 
Tu és

Meu Deus é
Deus de milagres

Deus de promessas

Caminho no deserto
Luz na escuridão

Meu Deus
Esse é quem 
Tu és

Esse é quem 
Tu és","","1601840805016"
"d217a7de-b4a5-450c-91ea-beb61c4441a2","ae125cfd-96ef-4324-b1f0-f96a4f34eecf","Clamo Jesus","Paulo César Baruk e Marsena ","ativo","2026-08-17T16:53:48.608127+00:00","Jesus, quero declarar 
Teu nome

Sobre toda mente 
E coração

Pois sei que Existe 
paz em Tua presença

Clamo Jesus

Jesus, quero declarar 
Teu nome

Quebrando Os vícios 
Dessa geração

Declaro que Há 
esperança E liberdade

Clamo Jesus

Teu nome é cura
É poderoso

Teu nome é vida

Destrói cadeias
Dissipa as trevas

Vem incendiar

Jesus, quero declarar 
Teu nome

Sobre toda alma 
Em depressão

Ansiedade e medo 
Saiam agora

Clamo Jesus

Teu nome é cura
É poderoso

Teu nome é vida

Destrói cadeias
Dissipa as trevas

Vem incendiar 

Teu nome é cura
É poderoso

Teu nome é vida

Destrói cadeias
Dissipa as trevas

Vem incendiar 

Declare Pelas ruas
O nome de Jesus

Sobre a escuridão

Ele vai trazer 
Sua luz

 

Sobre sua família

Clame o santo 
Nome Jesus

Declare Pelas ruas
O nome de Jesus

Sobre a escuridão
Ele vai trazer Sua luz

Sobre sua família

Clame o santo 
Nome Jesus

Teu nome é cura
É poderoso

Teu nome é vida

Destrói cadeias
Dissipa as trevas

Vem incendiar

Teu nome é cura
É poderoso

Teu nome é vida

Destrói cadeias
Dissipa as trevas

Vem incendiar

Jesus, quero declarar 
Teu nome

Sobre toda alma 
Em depressão

Ansiedade e medo 
Saiam agora

Clamo Jesus

Declare Pelas ruas
O nome de Jesus

Sobre a escuridão
Ele vai trazer Sua luz

Sobre sua família

Clame o santo 
Nome Jesus

Declare Pelas ruas
O nome de Jesus

Sobre a escuridão
Ele vai trazer Sua luz

Sobre sua família

Clame o santo 
Nome Jesus

Declare Pelas ruas
O nome de Jesus

Sobre a escuridão
Ele vai trazer Sua luz

Sobre sua família

Clame o santo 
Nome Jesus","","1745700897554"
"fcf706b4-9958-4425-a3c5-dcdb332269a2","ae125cfd-96ef-4324-b1f0-f96a4f34eecf","Te Agradeço / Grande É o Senhor / Abra Os Olhos do Meu Coração","MORADA","ativo","2026-08-17T16:53:56.024289+00:00","Eu Te agradeço, Deus
Por se lembrar de mim

E pelo Teu favor
E o que me faz crescer

Eu vivo pela fé 
E não vacilo

Eu não paro
Eu não desisto

Eu sou de Deus
Eu sou de Cristo

Eu Te agradeço, Deus
Que no deserto

Não me deixou morrer
E nem desanimar

E como aquela mãe
Que não desistiu

Você acreditou
Você insistiu

Você mudou a 
Minha história

E fez o que ninguém
Podia imaginar

Você acreditou 
E isso é tudo

Só vivo pra você
Não sou do mundo, não

A honra, a glória, a força
Todo louvor a Deus

E o levantar das 
Minhas mãos

É pra dizer que
Te pertenço, Deus

A honra, a glória, a força
Todo louvor a Deus

E o levantar das
Minhas mãos

É pra dizer

Que grande é o Senhor
Grande é o Senhor

Suas grandes obras
Não tem fim

Seus olhos estão 
Sobre mim

Que grande é o Senhor
Grande é o Senhor

Suas grandes obras
Não tem fim

Seus olhos estão 
Sobre mim

Abra os olhos
Do meu coração

Abra os olhos
Do meu coração

Quero Te ver

Quero Te ver
 Senhor

Abra os olhos
Do meu coração

Abra os olhos
Do meu coração

Quero Te ver

Quero Te ver
 Senhor

Exaltado e bem alto

Brilhando a luz 
Da Tua glória

Derrama Teu amor 
E poder

Pois Tu és santo
Santo, santo

Exaltado e bem alto

Brilhando a luz 
Da Tua glória

Derrama Teu amor 
E poder

Pois Tu és santo
Santo, santo

Quero Te ver
Quero Te ver

Quero Te tocar

Quero Te abraçar

Quero Te ver

Quero Te ver
Quero Te ver

Quero Te tocar

Quero Te abraçar

Quero Te ver

Te ver Te ver
Te ver","","1774988799563"
"bac04d36-3b3e-4465-861f-5f8ce7f13a6a","ae125cfd-96ef-4324-b1f0-f96a4f34eecf","Gratidão","Fhop","ativo","2026-08-17T16:53:51.68625+00:00","Nada novo achei 
Pra dizer então

Como expressar 
Minha gratidão

Posso até cantar 
Alguma canção

Que vai acabar
Mas a Sua não

Então vou levantar 
As minhas mãos 
E louvar

Pois tudo o que 
Tenho é um 

aleluia
Aleluia

Sei que é simples 
Pra um rei

Mas não tenho 
Nada além

De um coração 
Cantando 

aleluia
Aleluia

Em resposta a 
Ti há uma ação

Me render aqui 
Em adoração

Então vou levantar 

As minhas mãos 
E louvar

Pois tudo o que 
Tenho é um

 aleluia
Aleluia

Sei que é simples 
Pra um rei

Mas não tenho 
Nada além

De um coração 
Cantando 

aleluia
Aleluia

Ei, meu coração

Não se envergonhe

Cante essa canção

Pois sei 
Que há fôlego 

Nesses pulmões

Vamos, louve 
Ao Senhor

Ei, meu coração

Não se envergonhe

Cante essa canção

Pois sei 
Que há fôlego 

Nesses pulmões

Vamos, louve 
Ao Senhor

Ei, meu coração

Não se envergonhe

Cante essa canção

Pois sei 
Que há fôlego 

Nesses pulmões

Vamos, louve 
Ao Senhor

Ô, ô
Uh, uh, uh, uh

Então vou levantar 

As minhas mãos 
E louvar

Pois tudo o que 
Tenho é um 

aleluia
Aleluia

Sei que é simples 
Pra um rei

Mas não tenho 
Nada além

De um coração 
Cantando

 aleluia
Aleluia","","1757799110342"
"aacce0f5-2edb-4a8e-bc3a-b72ddf6f1edf","ae125cfd-96ef-4324-b1f0-f96a4f34eecf","1000 graus","Renascer Praise","ativo","2026-08-17T16:53:46.814676+00:00","Na presença 
Dos homens

Na presença
Dos anjos sempre

Eu Te louvarei
Te louvarei

Mesmo estando
Em guerra

Vou celebrando
Minha vitória

Eu Te louvarei
Te louvarei

Sobre toda terra

Novo som se ouvirá

Tua alegria
Força pra continuar

Deus de maravilhas
Que maravilha

Te louvar
Te louvar
Te louvar

Eu entro na
Sua presença

Pra receber
O Seu poder

E quanto mais 
O tempo passa 

Mais quero Deus

O fogo cai
A igreja canta

O inimigo vai 
Ao chão

Fogo e glória
Nas cabeças

Mil graus de unção

Mil graus de unção

O som da festa
Vai subir

Sua glória
Descerá

Se ouvirá um 
Novo som

De aleluia","[Intro] F  C  Em  Am
        F  C  G
        F  C  Em  Am
        F  C  G  C

[Primeira Parte]

C
  Na presença dos homens

Na presença dos anjos
          F   Em   Am
Sempre eu Te louva__rei
    Dm7  Em  F
Te lou__va__rei
C
  Mesmo estando em guerra

Vou celebrando minha vitória
          F   Em   Am
Eu Te louva__rei
    Dm7  Em  F
Te lou__va__rei

[Refrão]

Sobre toda a Terra
             F  G
Novo som se ouvirá
              C
Tua alegria é a nossa força
               F  G
Deus de maravilhas
            Am
Que maravilha é Te louvar

[Segunda Parte]

C
  Eu entro na Sua presença
  Dm7
Pra receber o Seu poder
  Em
E quanto mais vejo Tua glória
  F                      G
Mais vejo a minha vitória

[Refrão]

Sobre toda a Terra
             F  G
Novo som se ouvirá
              C
Tua alegria é a nossa força
               F  G
Deus de maravilhas
            Am
Que maravilha é Te louvar

[Ponte]

F                    GEm                   Am
1000 graus de unção e poder
                     F               G              C
Receba a cura, receba a libertação e a força do Senhor","1601239565720"
"21cc3c06-b9d6-48a8-86e0-f0d3b5748eeb","ae125cfd-96ef-4324-b1f0-f96a4f34eecf","Eu Creio","","ativo","2026-08-17T16:53:50.405625+00:00","Ouvi dizer que 
Não verei  

Essa montanha 
Se mover

Mas Te conheço 
E eu sei

Em Teu nome 
Há poder

Ouvi dizer que 
Eu não vou

Atravessar 
Essa maré

Mas sei que grande 
É o Senhor

Em Teu nome 
Há poder

Em Teu nome 
Há poder

Eu quero o 
Teu mover

Cadeias vão 
Romper

Eu creio em Ti

Eu creio em Ti 
Meu Deus

Do impossível
Eu sei

Milagres eu verei

Eu creio em Ti

Eu creio em Ti
Meu Deus

A esperança 
Viva está

Pois o meu 
Deus ressuscitou

Pra sempre eu 
Vou confiar

Em Teu nome 
Há poder

Em Teu nome 
Há poder

Eu quero o 
Teu mover

Cadeias vão 
Romper

Eu creio em Ti

Eu creio em Ti 
Meu Deus

Do impossível
Eu sei

Milagres eu verei

Eu creio em Ti

Eu creio em Ti 
Meu Deus

Caminho és quando 
No Escuro estou

Eu creio em Ti 
Tua palavra não mudou 

Caminho és quando 
No Escuro estou

Eu creio em Ti 
Tua palavra não mudou 

Caminho és quando 
No Escuro estou

Eu creio em Ti 
Tua palavra não mudou 

Eu quero o 
Teu mover

Cadeias vão 
Romper

Eu creio em 
Ti Deus

Eu creio em Ti
Meu Deus

Do impossível
Eu sei

Milagres eu verei

Eu creio em Ti

Eu creio em Ti
Meu Deus

Eu quero o 
Teu mover

Cadeias vão 
Romper

Eu creio em Ti

Eu creio em Ti 
Meu Deus

Do impossível
Eu sei

Milagres eu verei

Eu creio em Ti

Eu creio em Ti 
Meu Deus

Se Deus falou 
Irá cumprir

Se Deus falou 
Irá cumprir

Se Deus falou
Irá cumprir

Se Deus falou 
Irá cumprir 

Eu quero o 
Teu mover

Cadeias vão 
Romper

Eu creio em Ti

Eu creio em Ti
Meu Deus

Do impossível
Eu sei

Milagres eu verei

Eu creio em Ti

Eu creio em Ti 
Meu Deus","",""
"59e43972-9722-4cc0-81de-60df5a06b1b0","ae125cfd-96ef-4324-b1f0-f96a4f34eecf","Incrível Graça","Banda Segundo","ativo","2026-08-17T16:53:52.136022+00:00","Quem vence 
As trevas
E o pecado

E o Seu amor
É poderoso

O Rei da glória
Maravilhoso Jesus

Estremece a 
Terra como 
Um trovão

E extasiado e
Eu o adoro

O Rei da glória
Maravilhoso Jesus

Incrível graça 
De Deus

O Seu amor 
Não falha

Tomou o 
Meu lugar

Levando a 
Minha cruz

Entregou Sua vida

Pra que eu 
Fosse livre

Oh Oh

Jesus eu canto
Pelo que fez 
Por mim

Quem 
Traz o caos
De volta à ordem

Quem faz 
De órfãos
Filhos e filhas

O Rei da glória
Maravilhoso Jesus

Ele governa
Com retidão

E brilha como 
O sol em esplendor

O Rei da glória
Maravilhoso Jesus

Incrível 
Graça de Deus

O Seu amor 
Não falha

Tomou o 
Meu lugar

Levando a 
Minha cruz

Entregou Sua vida

Pra que 
Eu fosse livre

Oh Oh

Jesus eu canto
Pelo que fez 
Por mim

Que Rei deixaria
Seu trono

Pra morrer
Em meu lugar

Que Rei deixaria
Seu trono

Pra morrer
Em meu lugar

Que Rei deixaria
Seu trono

Pra morrer
Em meu lugar

Essa é a 
Graça de Deus

Graça de Deus

Graça de Deus

Graça de Deus

Incrível 
Graça de Deus

O Seu amor 
Não falha

Tomou o 
Meu lugar

Levando a 
Minha cruz

Entregou Sua vida

Pra que 
Eu fosse livre

Oh Oh

Jesus eu canto
Pelo que fez 
Por mim

Oh Oh","","1590708380590"